Category	Subcategory	Subsystem	Role	Features
Cofactors, Vitamins, Prosthetic Groups, Pigments	Riboflavin, FMN, FAD	riboflavin to FAD	FMN adenylyltransferase (EC 2.7.7.2)	fig|880447.6.peg.101, fig|880447.6.peg.337
Cofactors, Vitamins, Prosthetic Groups, Pigments	Riboflavin, FMN, FAD	riboflavin to FAD	Riboflavin kinase (EC 2.7.1.26)	fig|880447.6.peg.101, fig|880447.6.peg.337
Cofactors, Vitamins, Prosthetic Groups, Pigments	Riboflavin, FMN, FAD	Riboflavin, FMN and FAD metabolism	FMN adenylyltransferase (EC 2.7.7.2)	fig|880447.6.peg.101, fig|880447.6.peg.337
Cofactors, Vitamins, Prosthetic Groups, Pigments	Riboflavin, FMN, FAD	Riboflavin, FMN and FAD metabolism	Substrate-specific component RibU of riboflavin ECF transporter	fig|880447.6.peg.819
Cofactors, Vitamins, Prosthetic Groups, Pigments	Riboflavin, FMN, FAD	Riboflavin, FMN and FAD metabolism	Riboflavin kinase (EC 2.7.1.26)	fig|880447.6.peg.101, fig|880447.6.peg.337
Cofactors, Vitamins, Prosthetic Groups, Pigments	NAD and NADP	NAD and NADP cofactor biosynthesis global	Nicotinate phosphoribosyltransferase (EC 2.4.2.11)	fig|880447.6.peg.639
Cofactors, Vitamins, Prosthetic Groups, Pigments	NAD and NADP	NAD and NADP cofactor biosynthesis global	NAD kinase (EC 2.7.1.23)	fig|880447.6.peg.304
Cofactors, Vitamins, Prosthetic Groups, Pigments	NAD and NADP	NAD and NADP cofactor biosynthesis global	Nicotinate-nucleotide adenylyltransferase (EC 2.7.7.18)	fig|880447.6.peg.533
Cofactors, Vitamins, Prosthetic Groups, Pigments	NAD and NADP	NAD and NADP cofactor biosynthesis global	Nicotinamidase (EC 3.5.1.19)	fig|880447.6.peg.877
Cofactors, Vitamins, Prosthetic Groups, Pigments	NAD and NADP	NAD and NADP cofactor biosynthesis global	NAD synthetase (EC 6.3.1.5)	fig|880447.6.peg.535
Cofactors, Vitamins, Prosthetic Groups, Pigments	Folate and pterines	Folate biosynthesis cluster	Cell division protein FtsH (EC 3.4.24.-)	fig|880447.6.peg.15
Cofactors, Vitamins, Prosthetic Groups, Pigments	Folate and pterines	Folate biosynthesis cluster	tRNA(Ile)-lysidine synthetase (EC 6.3.4.19)	fig|880447.6.peg.13
Cofactors, Vitamins, Prosthetic Groups, Pigments	Folate and pterines	Folate biosynthesis cluster	Hypoxanthine-guanine phosphoribosyltransferase (EC 2.4.2.8)	fig|880447.6.peg.260
Cofactors, Vitamins, Prosthetic Groups, Pigments	Folate and pterines	Folate Biosynthesis	Dihydrofolate synthase (EC 6.3.2.12)	fig|880447.6.peg.778
Cofactors, Vitamins, Prosthetic Groups, Pigments	Folate and pterines	Folate Biosynthesis	Folylpolyglutamate synthase (EC 6.3.2.17)	fig|880447.6.peg.778
Cofactors, Vitamins, Prosthetic Groups, Pigments	Folate and pterines	Folate Biosynthesis	Substrate-specific component FolT of folate ECF transporter	fig|880447.6.peg.149, fig|880447.6.peg.601, fig|880447.6.peg.779
Cofactors, Vitamins, Prosthetic Groups, Pigments	Folate and pterines	Folate Biosynthesis	5-formyltetrahydrofolate cyclo-ligase (EC 6.3.3.2)	fig|880447.6.peg.466
Cofactors, Vitamins, Prosthetic Groups, Pigments	Folate and pterines	5-FCL-like protein	5-formyltetrahydrofolate cyclo-ligase (EC 6.3.3.2)	fig|880447.6.peg.466
Cofactors, Vitamins, Prosthetic Groups, Pigments	Folate and pterines	5-FCL-like protein	Serine hydroxymethyltransferase (EC 2.1.2.1)	fig|880447.6.peg.120
Cofactors, Vitamins, Prosthetic Groups, Pigments	Folate and pterines	5-FCL-like protein	Methylenetetrahydrofolate dehydrogenase (NADP+) (EC 1.5.1.5)	fig|880447.6.peg.707
Cofactors, Vitamins, Prosthetic Groups, Pigments	Folate and pterines	5-FCL-like protein	Dihydrolipoamide acetyltransferase component of pyruvate dehydrogenase complex (EC 2.3.1.12)	fig|880447.6.peg.271
Cofactors, Vitamins, Prosthetic Groups, Pigments	Lipoic acid	Lipoic acid metabolism	Lipoate-protein ligase A	fig|880447.6.peg.268, fig|880447.6.peg.445
Cofactors, Vitamins, Prosthetic Groups, Pigments	Coenzyme A	Coenzyme A Biosynthesis	Phosphopantetheine adenylyltransferase (EC 2.7.7.3)	fig|880447.6.peg.276
Cofactors, Vitamins, Prosthetic Groups, Pigments	Coenzyme A	Coenzyme A Biosynthesis	Dephospho-CoA kinase (EC 2.7.1.24)	fig|880447.6.peg.94
Cell Wall and Capsule	Capsular and extracellular polysacchrides	Sialic Acid Metabolism	N-acetylneuraminate lyase (EC 4.1.3.3)	fig|880447.6.peg.415
Cell Wall and Capsule	Capsular and extracellular polysacchrides	Sialic Acid Metabolism	Glucosamine-6-phosphate deaminase (EC 3.5.99.6)	fig|880447.6.peg.172, fig|880447.6.peg.745
Cell Wall and Capsule	Capsular and extracellular polysacchrides	Sialic Acid Metabolism	Predicted sialic acid transporter	fig|880447.6.peg.416
Cell Wall and Capsule	Capsular and extracellular polysacchrides	Sialic Acid Metabolism	PTS system, N-acetylglucosamine-specific IIB component (EC 2.7.1.69)	fig|880447.6.peg.135, fig|880447.6.peg.173, fig|880447.6.peg.786, fig|880447.6.peg.787, fig|880447.6.peg.791, fig|880447.6.peg.792, fig|880447.6.peg.793
Cell Wall and Capsule	Capsular and extracellular polysacchrides	Sialic Acid Metabolism	PTS system, N-acetylmuramic acid-specific IIB component (EC 2.7.1.69)	fig|880447.6.peg.254
Cell Wall and Capsule	Capsular and extracellular polysacchrides	Sialic Acid Metabolism	N-acetylmannosamine kinase (EC 2.7.1.60)	fig|880447.6.peg.418, fig|880447.6.peg.858
Cell Wall and Capsule	Capsular and extracellular polysacchrides	Sialic Acid Metabolism	N-acetylmannosamine-6-phosphate 2-epimerase (EC 5.1.3.9)	fig|880447.6.peg.419
Cell Wall and Capsule	Capsular and extracellular polysacchrides	Sialic Acid Metabolism	PTS system, N-acetylglucosamine-specific IIC component (EC 2.7.1.69)	fig|880447.6.peg.173
Cell Wall and Capsule	Capsular and extracellular polysacchrides	Sialic Acid Metabolism	N-acetylglucosamine-6-phosphate deacetylase (EC 3.5.1.25)	fig|880447.6.peg.438
Cell Wall and Capsule	Cell Wall and Capsule - no subcategory	YjeE	TsaB protein, required for threonylcarbamoyladenosine (t(6)A) formation in tRNA	fig|880447.6.peg.313
Cell Wall and Capsule	Cell Wall and Capsule - no subcategory	YjeE	TsaE protein, required for threonylcarbamoyladenosine t(6)A37 formation in tRNA	fig|880447.6.peg.312
Virulence, Disease and Defense	Adhesion	Streptococcus pyogenes recombinatorial zone	Chaperonin (heat shock protein 33)	fig|880447.6.peg.25
Virulence, Disease and Defense	Resistance to antibiotics and toxic compounds	Copper homeostasis	Copper-translocating P-type ATPase (EC 3.6.3.4)	fig|880447.6.peg.132, fig|880447.6.peg.290, fig|880447.6.peg.821
Virulence, Disease and Defense	Resistance to antibiotics and toxic compounds	Resistance to fluoroquinolones	DNA gyrase subunit B (EC 5.99.1.3)	fig|880447.6.peg.80, fig|880447.6.peg.586, fig|880447.6.peg.629, fig|880447.6.peg.630
Virulence, Disease and Defense	Resistance to antibiotics and toxic compounds	Resistance to fluoroquinolones	DNA gyrase subunit A (EC 5.99.1.3)	fig|880447.6.peg.79
Virulence, Disease and Defense	Resistance to antibiotics and toxic compounds	Resistance to fluoroquinolones	Topoisomerase IV subunit B (EC 5.99.1.-)	fig|880447.6.peg.456
Virulence, Disease and Defense	Resistance to antibiotics and toxic compounds	Resistance to fluoroquinolones	Topoisomerase IV subunit A (EC 5.99.1.-)	fig|880447.6.peg.455
Virulence, Disease and Defense	Resistance to antibiotics and toxic compounds	Beta-lactamase	Beta-lactamase class C and other penicillin binding proteins	fig|880447.6.peg.134
Virulence, Disease and Defense	Invasion and intracellular resistance	Mycobacterium virulence operon involved in protein synthesis (SSU ribosomal proteins)	SSU ribosomal protein S7p (S5e)	fig|880447.6.peg.198
Virulence, Disease and Defense	Invasion and intracellular resistance	Mycobacterium virulence operon involved in protein synthesis (SSU ribosomal proteins)	Translation elongation factor G	fig|880447.6.peg.199
Virulence, Disease and Defense	Invasion and intracellular resistance	Mycobacterium virulence operon involved in protein synthesis (SSU ribosomal proteins)	Translation elongation factor Tu	fig|880447.6.peg.200
Virulence, Disease and Defense	Invasion and intracellular resistance	Mycobacterium virulence operon involved in protein synthesis (SSU ribosomal proteins)	SSU ribosomal protein S12p (S23e)	fig|880447.6.peg.197
Virulence, Disease and Defense	Invasion and intracellular resistance	Mycobacterium virulence operon involved in DNA transcription	DNA-directed RNA polymerase beta' subunit (EC 2.7.7.6)	fig|880447.6.peg.116
Virulence, Disease and Defense	Invasion and intracellular resistance	Mycobacterium virulence operon involved in DNA transcription	DNA-directed RNA polymerase beta subunit (EC 2.7.7.6)	fig|880447.6.peg.115
Virulence, Disease and Defense	Invasion and intracellular resistance	Mycobacterium virulence operon involved in protein synthesis (LSU ribosomal proteins)	LSU ribosomal protein L35p	fig|880447.6.peg.242
Virulence, Disease and Defense	Invasion and intracellular resistance	Mycobacterium virulence operon involved in protein synthesis (LSU ribosomal proteins)	Translation initiation factor 3	fig|880447.6.peg.243
Virulence, Disease and Defense	Invasion and intracellular resistance	Mycobacterium virulence operon involved in protein synthesis (LSU ribosomal proteins)	LSU ribosomal protein L20p	fig|880447.6.peg.241
Potassium metabolism	Potassium metabolism - no subcategory	Potassium homeostasis	Trk system potassium uptake protein TrkA	fig|880447.6.peg.709, fig|880447.6.peg.709
Miscellaneous	Miscellaneous - no subcategory	Phosphoglycerate mutase protein family	2,3-bisphosphoglycerate-independent phosphoglycerate mutase (EC 5.4.2.1)	fig|880447.6.peg.748
Membrane Transport	ABC transporters	ABC transporter alkylphosphonate (TC 3.A.1.9.1)	Phosphonate ABC transporter permease protein phnE (TC 3.A.1.9.1)	fig|880447.6.peg.735
Membrane Transport	ABC transporters	ABC transporter alkylphosphonate (TC 3.A.1.9.1)	Phosphonate ABC transporter ATP-binding protein (TC 3.A.1.9.1)	fig|880447.6.peg.736, fig|880447.6.peg.835
Membrane Transport	ABC transporters	ABC transporter alkylphosphonate (TC 3.A.1.9.1)	Phosphonate ABC transporter permease protein phnE1 (TC 3.A.1.9.1)	fig|880447.6.peg.836
Membrane Transport	ABC transporters	ABC transporter alkylphosphonate (TC 3.A.1.9.1)	Phosphonate ABC transporter phosphate-binding periplasmic component (TC 3.A.1.9.1)	fig|880447.6.peg.737, fig|880447.6.peg.834
Membrane Transport	ABC transporters	ABC transporter oligopeptide (TC 3.A.1.5.1)	Oligopeptide transport system permease protein OppC (TC 3.A.1.5.1)	fig|880447.6.peg.159, fig|880447.6.peg.209
Membrane Transport	ABC transporters	ABC transporter oligopeptide (TC 3.A.1.5.1)	Oligopeptide transport system permease protein OppB (TC 3.A.1.5.1)	fig|880447.6.peg.158, fig|880447.6.peg.160, fig|880447.6.peg.208, fig|880447.6.peg.210
Membrane Transport	ABC transporters	ABC transporter oligopeptide (TC 3.A.1.5.1)	Oligopeptide transport ATP-binding protein OppF (TC 3.A.1.5.1)	fig|880447.6.peg.161, fig|880447.6.peg.211
Membrane Transport	ABC transporters	ABC transporter oligopeptide (TC 3.A.1.5.1)	Oligopeptide ABC transporter, periplasmic oligopeptide-binding protein OppA (TC 3.A.1.5.1)	fig|880447.6.peg.157, fig|880447.6.peg.212
Membrane Transport	Protein translocation across cytoplasmic membrane	Bacterial signal recognition particle (SRP)	Signal recognition particle, subunit Ffh SRP54 (TC 3.A.5.1.1)	fig|880447.6.peg.554
Membrane Transport	Protein translocation across cytoplasmic membrane	Bacterial signal recognition particle (SRP)	Signal recognition particle associated protein	fig|880447.6.peg.479
Membrane Transport	Protein translocation across cytoplasmic membrane	Bacterial signal recognition particle (SRP)	Signal recognition particle receptor protein FtsY (=alpha subunit) (TC 3.A.5.1.1)	fig|880447.6.peg.480
Membrane Transport	Cation transporters	Copper Transport System	Copper-translocating P-type ATPase (EC 3.6.3.4)	fig|880447.6.peg.132, fig|880447.6.peg.290, fig|880447.6.peg.821
Membrane Transport	Membrane Transport - no subcategory	ECF class transporters	Substrate-specific component RibU of riboflavin ECF transporter	fig|880447.6.peg.819
Membrane Transport	Membrane Transport - no subcategory	ECF class transporters	Substrate-specific component FolT of folate ECF transporter	fig|880447.6.peg.149, fig|880447.6.peg.601, fig|880447.6.peg.779
Membrane Transport	Membrane Transport - no subcategory	ECF class transporters	Transmembrane component of general energizing module of ECF transporters	fig|880447.6.peg.663
Membrane Transport	Membrane Transport - no subcategory	ECF class transporters	ATPase component of general energizing module of ECF transporters	fig|880447.6.peg.664, fig|880447.6.peg.665
Membrane Transport	Membrane Transport - no subcategory	ECF class transporters	ATPase component BioM of energizing module of biotin ECF transporter	fig|880447.6.peg.92, fig|880447.6.peg.215, fig|880447.6.peg.233
RNA Metabolism	RNA processing and modification	RNA pseudouridine syntheses	Ribosomal large subunit pseudouridine synthase D (EC 4.2.1.70)	fig|880447.6.peg.401
RNA Metabolism	RNA processing and modification	RNA pseudouridine syntheses	Ribosomal large subunit pseudouridine synthase C (EC 4.2.1.70)	fig|880447.6.peg.715
RNA Metabolism	RNA processing and modification	RNA pseudouridine syntheses	Ribosomal large subunit pseudouridine synthase B (EC 4.2.1.70)	fig|880447.6.peg.592
RNA Metabolism	RNA processing and modification	RNA pseudouridine syntheses	tRNA pseudouridine synthase B (EC 4.2.1.70)	fig|880447.6.peg.336
RNA Metabolism	RNA processing and modification	RNA pseudouridine syntheses	tRNA pseudouridine synthase A (EC 4.2.1.70)	fig|880447.6.peg.662
RNA Metabolism	RNA processing and modification	Ribonucleases in Bacillus	Ribonuclease J1 (endonuclease and 5' exonuclease)	fig|880447.6.peg.617
RNA Metabolism	RNA processing and modification	Ribonucleases in Bacillus	Ribonuclease HII (EC 3.1.26.4)	fig|880447.6.peg.547
RNA Metabolism	RNA processing and modification	Ribonucleases in Bacillus	Ribonuclease J2 (endoribonuclease in RNA processing)	fig|880447.6.peg.302
RNA Metabolism	RNA processing and modification	Ribonucleases in Bacillus	5' exoribonuclease Bsu YhaM&subsystem_name=Ribonucleases_in_Bacillus'>3'->5' exoribonuclease Bsu YhaM	fig|880447.6.peg.57, fig|880447.6.peg.472
RNA Metabolism	RNA processing and modification	RNA processing and degradation, bacterial	3'-to-5' exoribonuclease RNase R	fig|880447.6.peg.139
RNA Metabolism	RNA processing and modification	RNA processing and degradation, bacterial	FIG146085: 3'-to-5' oligoribonuclease A, Bacillus type	fig|880447.6.peg.188
RNA Metabolism	RNA processing and modification	RNA processing and degradation, bacterial	Ribonuclease III (EC 3.1.26.3)	fig|880447.6.peg.490
RNA Metabolism	RNA processing and modification	RNA processing and degradation, bacterial	Ribonuclease E (EC 3.1.26.12)	fig|880447.6.peg.50
RNA Metabolism	RNA processing and modification	RNA methylation	FIG011178: rRNA methylase	fig|880447.6.peg.461
RNA Metabolism	RNA processing and modification	RNA methylation	tRNA (adenine37-N(6))-methyltransferase TrmN6 (EC 2.1.1.223)	fig|880447.6.peg.11
RNA Metabolism	RNA processing and modification	RNA methylation	SSU rRNA (adenine(1518)-N(6)/adenine(1519)-N(6))-dimethyltransferase (EC 2.1.1.182)	fig|880447.6.peg.4
RNA Metabolism	RNA processing and modification	RNA methylation	23S rRNA (guanosine-2'-O-) -methyltransferase rlmB (EC 2.1.1.-)	fig|880447.6.peg.151
RNA Metabolism	RNA processing and modification	RNA methylation	tRNA (guanine46-N7-)-methyltransferase (EC 2.1.1.33)	fig|880447.6.peg.756
RNA Metabolism	RNA processing and modification	RNA methylation	tRNA (Guanine37-N1) -methyltransferase (EC 2.1.1.31)	fig|880447.6.peg.550
RNA Metabolism	RNA processing and modification	RNA methylation	LSU m3Psi1915 methyltransferase RlmH	fig|880447.6.peg.553
RNA Metabolism	RNA processing and modification	RNA methylation	rRNA small subunit 7-methylguanosine (m7G) methyltransferase GidB	fig|880447.6.peg.816
RNA Metabolism	RNA processing and modification	RNA methylation	tRNA (cytidine(34)-2'-O)-methyltransferase (EC 2.1.1.207)	fig|880447.6.peg.373
RNA Metabolism	RNA processing and modification	RNA methylation	tRNA-specific 2-thiouridylase MnmA	fig|880447.6.peg.524
RNA Metabolism	RNA processing and modification	16S rRNA modification within P site of ribosome	Cell division protein FtsI [Peptidoglycan synthetase] (EC 2.4.1.129)	fig|880447.6.peg.588
RNA Metabolism	RNA processing and modification	16S rRNA modification within P site of ribosome	Cell division protein MraZ	fig|880447.6.peg.392
RNA Metabolism	RNA processing and modification	16S rRNA modification within P site of ribosome	rRNA small subunit methyltransferase H	fig|880447.6.peg.393
RNA Metabolism	RNA processing and modification	16S rRNA modification within P site of ribosome	rRNA small subunit methyltransferase I	fig|880447.6.peg.410
RNA Metabolism	RNA processing and modification	Ribonuclease H	Ribonuclease HI-related protein	fig|880447.6.peg.329
RNA Metabolism	RNA processing and modification	Ribonuclease H	Ribonuclease HII (EC 3.1.26.4)	fig|880447.6.peg.547
RNA Metabolism	RNA processing and modification	mnm5U34 biosynthesis bacteria	GTPase and tRNA-U34 5-formylation enzyme TrmE	fig|880447.6.peg.828
RNA Metabolism	RNA processing and modification	mnm5U34 biosynthesis bacteria	tRNA uridine 5-carboxymethylaminomethyl modification enzyme GidA	fig|880447.6.peg.874
RNA Metabolism	RNA processing and modification	mnm5U34 biosynthesis bacteria	Cysteine desulfurase (EC 2.8.1.7), SufS subfamily	fig|880447.6.peg.468
RNA Metabolism	RNA processing and modification	tRNA processing	tRNA-specific adenosine-34 deaminase (EC 3.5.4.-)	fig|880447.6.peg.6
RNA Metabolism	RNA processing and modification	tRNA processing	Ribonuclease P protein component (EC 3.1.26.5)	fig|880447.6.peg.889
RNA Metabolism	RNA processing and modification	tRNA processing	tRNA(Ile)-lysidine synthetase (EC 6.3.4.19)	fig|880447.6.peg.13
RNA Metabolism	RNA processing and modification	tRNA processing	tRNA pseudouridine synthase B (EC 4.2.1.70)	fig|880447.6.peg.336
RNA Metabolism	RNA processing and modification	tRNA processing	tRNA pseudouridine synthase A (EC 4.2.1.70)	fig|880447.6.peg.662
RNA Metabolism	Transcription	Transcription initiation, bacterial sigma factors	RNA polymerase sigma factor RpoD	fig|880447.6.peg.503
RNA Metabolism	Transcription	RNA polymerase bacterial	DNA-directed RNA polymerase delta subunit (EC 2.7.7.6)	fig|880447.6.peg.176
RNA Metabolism	Transcription	RNA polymerase bacterial	DNA-directed RNA polymerase alpha subunit (EC 2.7.7.6)	fig|880447.6.peg.667
RNA Metabolism	Transcription	RNA polymerase bacterial	DNA-directed RNA polymerase beta' subunit (EC 2.7.7.6)	fig|880447.6.peg.116
RNA Metabolism	Transcription	RNA polymerase bacterial	DNA-directed RNA polymerase beta subunit (EC 2.7.7.6)	fig|880447.6.peg.115
RNA Metabolism	Transcription	Transcription factors bacterial	Transcription termination protein NusB	fig|880447.6.peg.98
RNA Metabolism	Transcription	Transcription factors bacterial	Transcription elongation factor GreA	fig|880447.6.peg.297
RNA Metabolism	Transcription	Transcription factors bacterial	Transcription antitermination protein NusG	fig|880447.6.peg.154
RNA Metabolism	Transcription	Transcription factors bacterial	FIG000325: clustered with transcription termination protein NusA	fig|880447.6.peg.346
RNA Metabolism	Transcription	Transcription factors bacterial	COG2740: Predicted nucleic-acid-binding protein implicated in transcription termination	fig|880447.6.peg.344
RNA Metabolism	Transcription	Transcription factors bacterial	Transcription termination protein NusA	fig|880447.6.peg.345
RNA Metabolism	Transcription	Transcription factors bacterial	ribosomal protein L7Ae family protein	fig|880447.6.peg.343
Nucleosides and Nucleotides	Purines	Purine conversions	Purine nucleoside phosphorylase (EC 2.4.2.1)	fig|880447.6.peg.866
Nucleosides and Nucleotides	Purines	Purine conversions	Adenylate kinase (EC 2.7.4.3)	fig|880447.6.peg.673
Nucleosides and Nucleotides	Purines	Purine conversions	Deoxyguanosine kinase (EC 2.7.1.113)	fig|880447.6.peg.530, fig|880447.6.peg.531, fig|880447.6.peg.591
Nucleosides and Nucleotides	Purines	Purine conversions	Deoxyadenosine kinase (EC 2.7.1.76)	fig|880447.6.peg.530, fig|880447.6.peg.531, fig|880447.6.peg.591
Nucleosides and Nucleotides	Purines	Purine conversions	Adenine phosphoribosyltransferase (EC 2.4.2.7)	fig|880447.6.peg.497
Nucleosides and Nucleotides	Purines	Purine conversions	Guanylate kinase (EC 2.7.4.8)	fig|880447.6.peg.246
Nucleosides and Nucleotides	Purines	Purine conversions	Hypoxanthine-guanine phosphoribosyltransferase (EC 2.4.2.8)	fig|880447.6.peg.260
Nucleosides and Nucleotides	Nucleosides and Nucleotides - no subcategory	Ribonucleotide reduction	Ribonucleotide reductase of class Ib (aerobic), alpha subunit (EC 1.17.4.1)	fig|880447.6.peg.143
Nucleosides and Nucleotides	Nucleosides and Nucleotides - no subcategory	Ribonucleotide reduction	Ribonucleotide reduction protein NrdI	fig|880447.6.peg.142
Nucleosides and Nucleotides	Nucleosides and Nucleotides - no subcategory	Ribonucleotide reduction	Ribonucleotide reductase of class Ib (aerobic), beta subunit (EC 1.17.4.1)	fig|880447.6.peg.141
Nucleosides and Nucleotides	Nucleosides and Nucleotides - no subcategory	Adenosyl nucleosidases	S-adenosylhomocysteine nucleosidase (EC 3.2.2.9)	fig|880447.6.peg.532
Nucleosides and Nucleotides	Nucleosides and Nucleotides - no subcategory	Adenosyl nucleosidases	Purine nucleoside phosphorylase (EC 2.4.2.1)	fig|880447.6.peg.866
Nucleosides and Nucleotides	Nucleosides and Nucleotides - no subcategory	Adenosyl nucleosidases	5'-methylthioadenosine nucleosidase (EC 3.2.2.16)	fig|880447.6.peg.532
Nucleosides and Nucleotides	Detoxification	Housecleaning nucleoside triphosphate pyrophosphatases	Dimeric dUTPase (EC 3.6.1.23)	fig|880447.6.peg.462
Nucleosides and Nucleotides	Detoxification	Housecleaning nucleoside triphosphate pyrophosphatases	Nucleoside 5-triphosphatase RdgB (dHAPTP, dITP, XTP-specific) (EC 3.6.1.15)	fig|880447.6.peg.372
Protein Metabolism	Protein folding	Protein chaperones	Heat shock protein GrpE	fig|880447.6.peg.377
Protein Metabolism	Protein folding	Protein chaperones	Chaperone protein DnaK	fig|880447.6.peg.378
Protein Metabolism	Protein folding	Protein chaperones	Chaperone protein DnaJ	fig|880447.6.peg.47, fig|880447.6.peg.379
Protein Metabolism	Protein folding	Protein chaperones	ClpB protein	fig|880447.6.peg.375
Protein Metabolism	Protein biosynthesis	tRNA aminoacylation, Val	Valyl-tRNA synthetase (EC 6.1.1.9)	fig|880447.6.peg.305
Protein Metabolism	Protein biosynthesis	tRNA aminoacylation, Met	Methionyl-tRNA synthetase (EC 6.1.1.10)	fig|880447.6.peg.74
Protein Metabolism	Protein biosynthesis	tRNA aminoacylation, Ile	Isoleucyl-tRNA synthetase (EC 6.1.1.5)	fig|880447.6.peg.399
Protein Metabolism	Protein biosynthesis	tRNA aminoacylation, Arg	Arginyl-tRNA synthetase (EC 6.1.1.19)	fig|880447.6.peg.385
Protein Metabolism	Protein biosynthesis	Translation initiation factors bacterial	Translation initiation factor 1	fig|880447.6.peg.671
Protein Metabolism	Protein biosynthesis	Translation initiation factors bacterial	Methionyl-tRNA formyltransferase (EC 2.1.2.9)	fig|880447.6.peg.521
Protein Metabolism	Protein biosynthesis	Translation initiation factors bacterial	Translation initiation factor 3	fig|880447.6.peg.243
Protein Metabolism	Protein biosynthesis	Translation initiation factors bacterial	Translation initiation factor 2	fig|880447.6.peg.342
Protein Metabolism	Protein biosynthesis	Translation initiation factors bacterial	Ribosome-binding factor A	fig|880447.6.peg.335
Protein Metabolism	Protein biosynthesis	Ribosome SSU bacterial	SSU ribosomal protein S11p (S14e)	fig|880447.6.peg.668
Protein Metabolism	Protein biosynthesis	Ribosome SSU bacterial	SSU ribosomal protein S6p	fig|880447.6.peg.29
Protein Metabolism	Protein biosynthesis	Ribosome SSU bacterial	SSU ribosomal protein S15p (S13e)	fig|880447.6.peg.340
Protein Metabolism	Protein biosynthesis	Ribosome SSU bacterial	SSU ribosomal protein S14p (S29e)	fig|880447.6.peg.680
Protein Metabolism	Protein biosynthesis	Ribosome SSU bacterial	SSU ribosomal protein S5p (S2e)	fig|880447.6.peg.676
Protein Metabolism	Protein biosynthesis	Ribosome SSU bacterial	SSU ribosomal protein S18p	fig|880447.6.peg.31
Protein Metabolism	Protein biosynthesis	Ribosome SSU bacterial	SSU ribosomal protein S17p (S11e)	fig|880447.6.peg.684
Protein Metabolism	Protein biosynthesis	Ribosome SSU bacterial	SSU ribosomal protein S20p	fig|880447.6.peg.519, fig|880447.6.peg.827
Protein Metabolism	Protein biosynthesis	Ribosome SSU bacterial	SSU ribosomal protein S12p (S23e)	fig|880447.6.peg.197
Protein Metabolism	Protein biosynthesis	Ribosome SSU bacterial	SSU ribosomal protein S9p (S16e)	fig|880447.6.peg.659
Protein Metabolism	Protein biosynthesis	Ribosome SSU bacterial	SSU ribosomal protein S8p (S15Ae)	fig|880447.6.peg.679
Protein Metabolism	Protein biosynthesis	Ribosome SSU bacterial	SSU ribosomal protein S4p (S9e)	fig|880447.6.peg.282
Protein Metabolism	Protein biosynthesis	Ribosome SSU bacterial	SSU ribosomal protein S19p (S15e)	fig|880447.6.peg.689
Protein Metabolism	Protein biosynthesis	Ribosome SSU bacterial	SSU ribosomal protein S10p (S20e)	fig|880447.6.peg.694
Protein Metabolism	Protein biosynthesis	Ribosome SSU bacterial	SSU ribosomal protein S16p	fig|880447.6.peg.552
Protein Metabolism	Protein biosynthesis	Ribosome SSU bacterial	SSU ribosomal protein S3p (S3e)	fig|880447.6.peg.687
Protein Metabolism	Protein biosynthesis	Ribosome SSU bacterial	SSU ribosomal protein S18p, zinc-independent	fig|880447.6.peg.31
Protein Metabolism	Protein biosynthesis	Ribosome SSU bacterial	SSU ribosomal protein S7p (S5e)	fig|880447.6.peg.198
Protein Metabolism	Protein biosynthesis	Ribosome SSU bacterial	SSU ribosomal protein S2p (SAe)	fig|880447.6.peg.380
Protein Metabolism	Protein biosynthesis	Ribosome SSU bacterial	SSU ribosomal protein S14p (S29e), zinc-dependent	fig|880447.6.peg.680
Protein Metabolism	Protein biosynthesis	Ribosome SSU bacterial	SSU ribosomal protein S21p	fig|880447.6.peg.432
Protein Metabolism	Protein biosynthesis	Ribosome SSU bacterial	SSU ribosomal protein S13p (S18e)	fig|880447.6.peg.669
Protein Metabolism	Protein biosynthesis	tRNA aminoacylation, Gly	Glycyl-tRNA synthetase (EC 6.1.1.14)	fig|880447.6.peg.505
Protein Metabolism	Protein biosynthesis	tRNA aminoacylation, Ala	Alanyl-tRNA synthetase (EC 6.1.1.7)	fig|880447.6.peg.206
Protein Metabolism	Protein biosynthesis	tRNA aminoacylation, Trp	Tryptophanyl-tRNA synthetase (EC 6.1.1.2)	fig|880447.6.peg.351
Protein Metabolism	Protein biosynthesis	Ribosome biogenesis bacterial	16S rRNA processing protein RimM	fig|880447.6.peg.551
Protein Metabolism	Protein biosynthesis	Ribosome biogenesis bacterial	TsaB protein, required for threonylcarbamoyladenosine (t(6)A) formation in tRNA	fig|880447.6.peg.313
Protein Metabolism	Protein biosynthesis	Ribosome biogenesis bacterial	Ribosomal large subunit pseudouridine synthase D (EC 4.2.1.70)	fig|880447.6.peg.401
Protein Metabolism	Protein biosynthesis	Ribosome biogenesis bacterial	Ribosomal large subunit pseudouridine synthase C (EC 4.2.1.70)	fig|880447.6.peg.715
Protein Metabolism	Protein biosynthesis	Ribosome biogenesis bacterial	SSU rRNA (adenine(1518)-N(6)/adenine(1519)-N(6))-dimethyltransferase (EC 2.1.1.182)	fig|880447.6.peg.4
Protein Metabolism	Protein biosynthesis	Ribosome biogenesis bacterial	tRNA (Guanine37-N1) -methyltransferase (EC 2.1.1.31)	fig|880447.6.peg.550
Protein Metabolism	Protein biosynthesis	Ribosome biogenesis bacterial	Ribonuclease M5 (EC 3.1.26.8)	fig|880447.6.peg.3
Protein Metabolism	Protein biosynthesis	Ribosome biogenesis bacterial	LSU m3Psi1915 methyltransferase RlmH	fig|880447.6.peg.553
Protein Metabolism	Protein biosynthesis	Ribosome biogenesis bacterial	Ribonuclease E (EC 3.1.26.12)	fig|880447.6.peg.50
Protein Metabolism	Protein biosynthesis	Ribosome LSU bacterial	LSU ribosomal protein L18p (L5e)	fig|880447.6.peg.677
Protein Metabolism	Protein biosynthesis	Ribosome LSU bacterial	LSU ribosomal protein L11p (L12e)	fig|880447.6.peg.104
Protein Metabolism	Protein biosynthesis	Ribosome LSU bacterial	LSU ribosomal protein L5p (L11e)	fig|880447.6.peg.681
Protein Metabolism	Protein biosynthesis	Ribosome LSU bacterial	LSU ribosomal protein L23p (L23Ae)	fig|880447.6.peg.691
Protein Metabolism	Protein biosynthesis	Ribosome LSU bacterial	LSU ribosomal protein L14p (L23e)	fig|880447.6.peg.683
Protein Metabolism	Protein biosynthesis	Ribosome LSU bacterial	LSU ribosomal protein L31p, zinc-dependent	fig|880447.6.peg.186
Protein Metabolism	Protein biosynthesis	Ribosome LSU bacterial	LSU ribosomal protein L2p (L8e)	fig|880447.6.peg.690
Protein Metabolism	Protein biosynthesis	Ribosome LSU bacterial	LSU ribosomal protein L31p	fig|880447.6.peg.186
Protein Metabolism	Protein biosynthesis	Ribosome LSU bacterial	LSU ribosomal protein L6p (L9e)	fig|880447.6.peg.678
Protein Metabolism	Protein biosynthesis	Ribosome LSU bacterial	LSU ribosomal protein L21p	fig|880447.6.peg.412
Protein Metabolism	Protein biosynthesis	Ribosome LSU bacterial	LSU ribosomal protein L24p (L26e)	fig|880447.6.peg.682
Protein Metabolism	Protein biosynthesis	Ribosome LSU bacterial	LSU ribosomal protein L29p (L35e)	fig|880447.6.peg.685
Protein Metabolism	Protein biosynthesis	Ribosome LSU bacterial	LSU ribosomal protein L1p (L10Ae)	fig|880447.6.peg.105
Protein Metabolism	Protein biosynthesis	Ribosome LSU bacterial	LSU ribosomal protein L33p, zinc-dependent	fig|880447.6.peg.152
Protein Metabolism	Protein biosynthesis	Ribosome LSU bacterial	LSU ribosomal protein L16p (L10e)	fig|880447.6.peg.686
Protein Metabolism	Protein biosynthesis	Ribosome LSU bacterial	LSU ribosomal protein L3p (L3e)	fig|880447.6.peg.693
Protein Metabolism	Protein biosynthesis	Ribosome LSU bacterial	LSU ribosomal protein L15p (L27Ae)	fig|880447.6.peg.675
Protein Metabolism	Protein biosynthesis	Ribosome LSU bacterial	LSU ribosomal protein L13p (L13Ae)	fig|880447.6.peg.660
Protein Metabolism	Protein biosynthesis	Ribosome LSU bacterial	LSU ribosomal protein L22p (L17e)	fig|880447.6.peg.688
Protein Metabolism	Protein biosynthesis	Ribosome LSU bacterial	LSU ribosomal protein L34p	fig|880447.6.peg.890
Protein Metabolism	Protein biosynthesis	Ribosome LSU bacterial	LSU ribosomal protein L10p (P0)	fig|880447.6.peg.112
Protein Metabolism	Protein biosynthesis	Ribosome LSU bacterial	LSU ribosomal protein L9p	fig|880447.6.peg.146
Protein Metabolism	Protein biosynthesis	Ribosome LSU bacterial	LSU ribosomal protein L28p	fig|880447.6.peg.486
Protein Metabolism	Protein biosynthesis	Ribosome LSU bacterial	LSU ribosomal protein L7/L12 (P1/P2)	fig|880447.6.peg.113
Protein Metabolism	Protein biosynthesis	Ribosome LSU bacterial	LSU ribosomal protein L19p	fig|880447.6.peg.549
Protein Metabolism	Protein biosynthesis	Ribosome LSU bacterial	LSU ribosomal protein L35p	fig|880447.6.peg.242
Protein Metabolism	Protein biosynthesis	Ribosome LSU bacterial	LSU ribosomal protein L36p	fig|880447.6.peg.670
Protein Metabolism	Protein biosynthesis	Ribosome LSU bacterial	LSU ribosomal protein L20p	fig|880447.6.peg.241
Protein Metabolism	Protein biosynthesis	Ribosome LSU bacterial	LSU ribosomal protein L32p	fig|880447.6.peg.391
Protein Metabolism	Protein biosynthesis	Ribosome LSU bacterial	LSU ribosomal protein L33p	fig|880447.6.peg.152
Protein Metabolism	Protein biosynthesis	Ribosome LSU bacterial	LSU ribosomal protein L17p	fig|880447.6.peg.666
Protein Metabolism	Protein biosynthesis	Ribosome LSU bacterial	LSU ribosomal protein L27p	fig|880447.6.peg.414
Protein Metabolism	Protein biosynthesis	Ribosome LSU bacterial	LSU ribosomal protein L4p (L1e)	fig|880447.6.peg.692
Protein Metabolism	Protein biosynthesis	tRNA aminoacylation, Cys	Cysteinyl-tRNA synthetase (EC 6.1.1.16)	fig|880447.6.peg.150
Protein Metabolism	Protein biosynthesis	Translation termination factors bacterial	Protein-N(5)-glutamine methyltransferase PrmC, methylates polypeptide chain release factors RF1 and RF2	fig|880447.6.peg.191
Protein Metabolism	Protein biosynthesis	Translation termination factors bacterial	Ribosome recycling factor	fig|880447.6.peg.384
Protein Metabolism	Protein biosynthesis	Translation termination factors bacterial	Peptidyl-tRNA hydrolase (EC 3.1.1.29)	fig|880447.6.peg.145
Protein Metabolism	Protein biosynthesis	Translation termination factors bacterial	Peptide deformylase (EC 3.5.1.88)	fig|880447.6.peg.244
Protein Metabolism	Protein biosynthesis	Translation termination factors bacterial	Methionine aminopeptidase (EC 3.4.11.18)	fig|880447.6.peg.672
Protein Metabolism	Protein biosynthesis	Translation termination factors bacterial	tmRNA-binding protein SmpB	fig|880447.6.peg.138
Protein Metabolism	Protein biosynthesis	Translation termination factors bacterial	Peptide chain release factor 1	fig|880447.6.peg.190
Protein Metabolism	Protein biosynthesis	Universal GTPases	Signal recognition particle, subunit Ffh SRP54 (TC 3.A.5.1.1)	fig|880447.6.peg.554
Protein Metabolism	Protein biosynthesis	Universal GTPases	GTP-binding protein EngA	fig|880447.6.peg.565
Protein Metabolism	Protein biosynthesis	Universal GTPases	GTP-binding protein YqeH, required for biogenesis of 30S ribosome subunit	fig|880447.6.peg.425
Protein Metabolism	Protein biosynthesis	Universal GTPases	Translation elongation factor G	fig|880447.6.peg.199
Protein Metabolism	Protein biosynthesis	Universal GTPases	Signal recognition particle receptor protein FtsY (=alpha subunit) (TC 3.A.5.1.1)	fig|880447.6.peg.480
Protein Metabolism	Protein biosynthesis	Universal GTPases	GTP-binding protein Era	fig|880447.6.peg.507
Protein Metabolism	Protein biosynthesis	Universal GTPases	50S ribosomal subunit maturation GTPase RbgA (B. subtilis YlqF)	fig|880447.6.peg.548
Protein Metabolism	Protein biosynthesis	Universal GTPases	GTP-binding protein TypA/BipA	fig|880447.6.peg.250
Protein Metabolism	Protein biosynthesis	Universal GTPases	GTPase and tRNA-U34 5-formylation enzyme TrmE	fig|880447.6.peg.828
Protein Metabolism	Protein biosynthesis	Universal GTPases	Translation elongation factor LepA	fig|880447.6.peg.331
Protein Metabolism	Protein biosynthesis	Universal GTPases	Translation elongation factor Tu	fig|880447.6.peg.200
Protein Metabolism	Protein biosynthesis	Universal GTPases	GTP-binding and nucleic acid-binding protein YchF	fig|880447.6.peg.814
Protein Metabolism	Protein biosynthesis	Universal GTPases	Translation initiation factor 2	fig|880447.6.peg.342
Protein Metabolism	Protein biosynthesis	Universal GTPases	Ribosome small subunit-stimulated GTPase EngC	fig|880447.6.peg.308
Protein Metabolism	Protein biosynthesis	Universal GTPases	GTP-binding protein EngB	fig|880447.6.peg.291
Protein Metabolism	Protein biosynthesis	Universal GTPases	GTP-binding protein Obg	fig|880447.6.peg.536
Protein Metabolism	Protein biosynthesis	tRNA aminoacylation, His	Histidyl-tRNA synthetase (EC 6.1.1.21)	fig|880447.6.peg.334
Protein Metabolism	Protein biosynthesis	tRNA aminoacylation, Asp and Asn	Aspartyl-tRNA(Asn) amidotransferase subunit C (EC 6.3.5.6)	fig|880447.6.peg.712
Protein Metabolism	Protein biosynthesis	tRNA aminoacylation, Asp and Asn	Aspartyl-tRNA(Asn) amidotransferase subunit B (EC 6.3.5.6)	fig|880447.6.peg.710
Protein Metabolism	Protein biosynthesis	tRNA aminoacylation, Asp and Asn	Aspartyl-tRNA synthetase (EC 6.1.1.12)	fig|880447.6.peg.333, fig|880447.6.peg.543, fig|880447.6.peg.544
Protein Metabolism	Protein biosynthesis	tRNA aminoacylation, Asp and Asn	Asparaginyl-tRNA synthetase (EC 6.1.1.22)	fig|880447.6.peg.833
Protein Metabolism	Protein biosynthesis	tRNA aminoacylation, Asp and Asn	Aspartyl-tRNA(Asn) amidotransferase subunit A (EC 6.3.5.6)	fig|880447.6.peg.711
Protein Metabolism	Protein biosynthesis	Translation elongation factors bacterial	Translation elongation factor G	fig|880447.6.peg.199
Protein Metabolism	Protein biosynthesis	Translation elongation factors bacterial	Translation elongation factor LepA	fig|880447.6.peg.331
Protein Metabolism	Protein biosynthesis	Translation elongation factors bacterial	Translation elongation factor Tu	fig|880447.6.peg.200
Protein Metabolism	Protein biosynthesis	Translation elongation factors bacterial	Translation elongation factor Ts	fig|880447.6.peg.381
Protein Metabolism	Protein biosynthesis	Translation elongation factors bacterial	Translation elongation factor P	fig|880447.6.peg.520
Protein Metabolism	Protein biosynthesis	tRNA aminoacylation, Lys	Lysyl-tRNA synthetase (class II) (EC 6.1.1.6)	fig|880447.6.peg.841
Protein Metabolism	Protein biosynthesis	tRNA aminoacylation, Thr	Threonyl-tRNA synthetase (EC 6.1.1.3)	fig|880447.6.peg.266
Protein Metabolism	Protein biosynthesis	tRNA aminoacylation, Pro	Prolyl-tRNA synthetase (EC 6.1.1.15), archaeal/eukaryal type	fig|880447.6.peg.328
Protein Metabolism	Protein biosynthesis	Translation elongation factor G family	Translation elongation factor G	fig|880447.6.peg.199
Protein Metabolism	Protein biosynthesis	tRNA aminoacylation, Glu and Gln	Glutamyl-tRNA(Gln) amidotransferase subunit A (EC 6.3.5.7)	fig|880447.6.peg.711
Protein Metabolism	Protein biosynthesis	tRNA aminoacylation, Glu and Gln	Glutamyl-tRNA synthetase (EC 6.1.1.17)	fig|880447.6.peg.174
Protein Metabolism	Protein biosynthesis	tRNA aminoacylation, Glu and Gln	Glutamyl-tRNA(Gln) amidotransferase subunit B (EC 6.3.5.7)	fig|880447.6.peg.710
Protein Metabolism	Protein biosynthesis	tRNA aminoacylation, Glu and Gln	Glutamyl-tRNA(Gln) synthetase (EC 6.1.1.24)	fig|880447.6.peg.174
Protein Metabolism	Protein biosynthesis	tRNA aminoacylation, Glu and Gln	Glutamyl-tRNA(Gln) amidotransferase subunit C (EC 6.3.5.7)	fig|880447.6.peg.712
Protein Metabolism	Protein biosynthesis	tRNA aminoacylation, Ser	Seryl-tRNA synthetase (EC 6.1.1.11)	fig|880447.6.peg.844
Protein Metabolism	Protein biosynthesis	tRNA aminoacylation, Tyr	Tyrosyl-tRNA synthetase (EC 6.1.1.1)	fig|880447.6.peg.638
Protein Metabolism	Protein biosynthesis	tRNA aminoacylation, Leu	Leucyl-tRNA synthetase (EC 6.1.1.4)	fig|880447.6.peg.657
Protein Metabolism	Protein biosynthesis	tRNA aminoacylation, Phe	Phenylalanyl-tRNA synthetase alpha chain (EC 6.1.1.20)	fig|880447.6.peg.388
Protein Metabolism	Protein biosynthesis	tRNA aminoacylation, Phe	Phenylalanyl-tRNA synthetase domain protein (Bsu YtpR)	fig|880447.6.peg.640
Protein Metabolism	Protein biosynthesis	tRNA aminoacylation, Phe	Phenylalanyl-tRNA synthetase beta chain (EC 6.1.1.20)	fig|880447.6.peg.389
Protein Metabolism	Protein processing and modification	Lipoprotein Biosynthesis	Lipoprotein signal peptidase (EC 3.4.23.36)	fig|880447.6.peg.400
Protein Metabolism	Protein processing and modification	Lipoprotein Biosynthesis	Prolipoprotein diacylglyceryl transferase (EC 2.4.99.-)	fig|880447.6.peg.783
Protein Metabolism	Protein processing and modification	Signal peptidase	Lipoprotein signal peptidase (EC 3.4.23.36)	fig|880447.6.peg.400
Protein Metabolism	Protein processing and modification	Peptide methionine sulfoxide reductase	Peptide methionine sulfoxide reductase MsrA (EC 1.8.4.11)	fig|880447.6.peg.725
Protein Metabolism	Protein processing and modification	Peptide methionine sulfoxide reductase	Peptide methionine sulfoxide reductase MsrB (EC 1.8.4.12)	fig|880447.6.peg.725
Protein Metabolism	Protein degradation	Aminopeptidases (EC 3.4.11.-)	Cytosol aminopeptidase PepA (EC 3.4.11.1)	fig|880447.6.peg.203, fig|880447.6.peg.232
Protein Metabolism	Protein degradation	Protein degradation	Aminopeptidase YpdF (MP-, MA-, MS-, AP-, NP- specific)	fig|880447.6.peg.350
Protein Metabolism	Protein degradation	Proteolysis in bacteria, ATP-dependent	ClpB protein	fig|880447.6.peg.375
Protein Metabolism	Protein degradation	Proteolysis in bacteria, ATP-dependent	ATP-dependent protease La (EC 3.4.21.53) Type I	fig|880447.6.peg.517
Cell Division and Cell Cycle	Cell Division and Cell Cycle - no subcategory	YgjD and YeaZ	TsaD/Kae1/Qri7 protein, required for threonylcarbamoyladenosine t(6)A37 formation in tRNA	fig|880447.6.peg.830
Cell Division and Cell Cycle	Cell Division and Cell Cycle - no subcategory	YgjD and YeaZ	TsaB protein, required for threonylcarbamoyladenosine (t(6)A) formation in tRNA	fig|880447.6.peg.313
Cell Division and Cell Cycle	Cell Division and Cell Cycle - no subcategory	Macromolecular synthesis operon	TsaD/Kae1/Qri7 protein, required for threonylcarbamoyladenosine t(6)A37 formation in tRNA	fig|880447.6.peg.830
Cell Division and Cell Cycle	Cell Division and Cell Cycle - no subcategory	Macromolecular synthesis operon	RNA polymerase sigma factor RpoD	fig|880447.6.peg.503
Cell Division and Cell Cycle	Cell Division and Cell Cycle - no subcategory	Macromolecular synthesis operon	DNA primase (EC 2.7.7.-)	fig|880447.6.peg.504
Cell Division and Cell Cycle	Cell Division and Cell Cycle - no subcategory	Macromolecular synthesis operon	SSU ribosomal protein S21p	fig|880447.6.peg.432
Regulation and Cell signaling	Regulation and Cell signaling - no subcategory	HPr catabolite repression system	HPr kinase/phosphorylase (EC 2.7.1.-) (EC 2.7.4.-)	fig|880447.6.peg.780
Regulation and Cell signaling	Regulation and Cell signaling - no subcategory	Stringent Response, (p)ppGpp metabolism	GTP pyrophosphokinase (EC 2.7.6.5), (p)ppGpp synthetase I	fig|880447.6.peg.496
DNA Metabolism	DNA repair	Uracil-DNA glycosylase	Uracil-DNA glycosylase, family 1	fig|880447.6.peg.473
DNA Metabolism	DNA repair	DNA repair, bacterial	Exodeoxyribonuclease VII large subunit (EC 3.1.11.6)	fig|880447.6.peg.97
DNA Metabolism	DNA repair	DNA repair, bacterial	DNA recombination protein RmuC	fig|880447.6.peg.603
DNA Metabolism	DNA repair	DNA repair, bacterial	DNA-cytosine methyltransferase (EC 2.1.1.37)	fig|880447.6.peg.248, fig|880447.6.peg.759
DNA Metabolism	DNA repair	DNA repair, bacterial	DNA polymerase IV (EC 2.7.7.7)	fig|880447.6.peg.424
DNA Metabolism	DNA repair	DNA repair, bacterial	Endonuclease IV (EC 3.1.21.2)	fig|880447.6.peg.100
DNA Metabolism	DNA repair	DNA repair, bacterial	Single-stranded DNA-binding protein	fig|880447.6.peg.30, fig|880447.6.peg.70
DNA Metabolism	DNA repair	DNA repair, bacterial	RecA protein	fig|880447.6.peg.556
DNA Metabolism	DNA repair	DNA repair, bacterial	Exodeoxyribonuclease VII small subunit (EC 3.1.11.6)	fig|880447.6.peg.96
DNA Metabolism	DNA repair	DNA repair, bacterial RecFOR pathway	Single-stranded DNA-binding protein	fig|880447.6.peg.30, fig|880447.6.peg.70
DNA Metabolism	DNA repair	DNA repair, bacterial RecFOR pathway	Recombination protein RecR	fig|880447.6.peg.8
DNA Metabolism	DNA repair	DNA repair, bacterial RecFOR pathway	RecA protein	fig|880447.6.peg.556
DNA Metabolism	DNA repair	DNA repair, bacterial RecFOR pathway	DNA recombination and repair protein RecO	fig|880447.6.peg.506
DNA Metabolism	DNA repair	DNA repair, bacterial RecBCD pathway	RecD-like DNA helicase YrrC	fig|880447.6.peg.454, fig|880447.6.peg.612
DNA Metabolism	DNA repair	DNA repair, UvrABC system	Excinuclease ABC subunit C	fig|880447.6.peg.298
DNA Metabolism	DNA repair	DNA repair, UvrABC system	Excinuclease ABC subunit A	fig|880447.6.peg.777
DNA Metabolism	DNA repair	DNA repair, UvrABC system	Excinuclease ABC subunit B	fig|880447.6.peg.776
DNA Metabolism	DNA repair	DNA repair, bacterial UvrD and related helicases	ATP-dependent DNA helicase UvrD/PcrA	fig|880447.6.peg.718
DNA Metabolism	DNA repair	DNA Repair Base Excision	Uracil-DNA glycosylase, family 1	fig|880447.6.peg.473
DNA Metabolism	DNA repair	DNA Repair Base Excision	Formamidopyrimidine-DNA glycosylase (EC 3.2.2.23)	fig|880447.6.peg.635
DNA Metabolism	DNA repair	DNA Repair Base Excision	DNA polymerase I (EC 2.7.7.7)	fig|880447.6.peg.85, fig|880447.6.peg.636
DNA Metabolism	DNA repair	DNA Repair Base Excision	DNA ligase (EC 6.5.1.2)	fig|880447.6.peg.713
DNA Metabolism	DNA Metabolism - no subcategory	Type I Restriction-Modification	Type I restriction-modification system, specificity subunit S (EC 3.1.21.3)	fig|880447.6.peg.89
DNA Metabolism	DNA Metabolism - no subcategory	Type I Restriction-Modification	Type I restriction-modification system, DNA-methyltransferase subunit M (EC 2.1.1.72)	fig|880447.6.peg.86, fig|880447.6.peg.87, fig|880447.6.peg.88
DNA Metabolism	DNA Metabolism - no subcategory	Restriction-Modification System	Type I restriction-modification system, specificity subunit S (EC 3.1.21.3)	fig|880447.6.peg.89
DNA Metabolism	DNA Metabolism - no subcategory	Restriction-Modification System	Type I restriction-modification system, DNA-methyltransferase subunit M (EC 2.1.1.72)	fig|880447.6.peg.86, fig|880447.6.peg.87, fig|880447.6.peg.88
DNA Metabolism	DNA Metabolism - no subcategory	Restriction-Modification System	Putative predicted metal-dependent hydrolase	fig|880447.6.peg.813
DNA Metabolism	DNA Metabolism - no subcategory	YcfH	Putative deoxyribonuclease YcfH	fig|880447.6.peg.165, fig|880447.6.peg.768
DNA Metabolism	DNA Metabolism - no subcategory	DNA structural proteins, bacterial	Chromosome partition protein smc	fig|880447.6.peg.495
DNA Metabolism	DNA Metabolism - no subcategory	DNA structural proteins, bacterial	DNA-binding protein HBsu	fig|880447.6.peg.42, fig|880447.6.peg.563
DNA Metabolism	DNA replication	DNA topoisomerases, Type I, ATP-independent	DNA topoisomerase I (EC 5.99.1.2)	fig|880447.6.peg.798
DNA Metabolism	DNA replication	DNA-replication	DNA primase (EC 2.7.7.-)	fig|880447.6.peg.504
DNA Metabolism	DNA replication	DNA-replication	Replicative DNA helicase (EC 3.6.1.-) [SA14-24]	fig|880447.6.peg.59, fig|880447.6.peg.147
DNA Metabolism	DNA replication	DNA-replication	Helicase loader DnaI	fig|880447.6.peg.633
DNA Metabolism	DNA replication	DNA-replication	Recombination protein RecR	fig|880447.6.peg.8
DNA Metabolism	DNA replication	DNA-replication	DNA polymerase III delta subunit (EC 2.7.7.7)	fig|880447.6.peg.775
DNA Metabolism	DNA replication	DNA-replication	DNA polymerase III alpha subunit (EC 2.7.7.7)	fig|880447.6.peg.348, fig|880447.6.peg.637
DNA Metabolism	DNA replication	DNA-replication	Chromosomal replication initiator protein DnaA	fig|880447.6.peg.1
DNA Metabolism	DNA replication	DNA-replication	Holliday junction DNA helicase RuvA	fig|880447.6.peg.431
DNA Metabolism	DNA replication	DNA-replication	DNA replication protein DnaC	fig|880447.6.peg.72
DNA Metabolism	DNA replication	DNA-replication	DNA polymerase III subunits gamma and tau (EC 2.7.7.7)	fig|880447.6.peg.7
DNA Metabolism	DNA replication	DNA-replication	DNA polymerase III beta subunit (EC 2.7.7.7)	fig|880447.6.peg.2
DNA Metabolism	DNA replication	DNA-replication	RecA protein	fig|880447.6.peg.556
DNA Metabolism	DNA replication	DNA-replication	DNA polymerase III delta prime subunit (EC 2.7.7.7)	fig|880447.6.peg.10
DNA Metabolism	DNA replication	DNA-replication	DNA polymerase I (EC 2.7.7.7)	fig|880447.6.peg.85, fig|880447.6.peg.636
DNA Metabolism	DNA replication	DNA-replication	Holliday junction DNA helicase RuvB	fig|880447.6.peg.430
DNA Metabolism	DNA replication	DNA topoisomerases, Type II, ATP-dependent	DNA gyrase subunit B (EC 5.99.1.3)	fig|880447.6.peg.80, fig|880447.6.peg.586, fig|880447.6.peg.629, fig|880447.6.peg.630
DNA Metabolism	DNA replication	DNA topoisomerases, Type II, ATP-dependent	DNA gyrase subunit A (EC 5.99.1.3)	fig|880447.6.peg.79
DNA Metabolism	DNA replication	DNA topoisomerases, Type II, ATP-dependent	Topoisomerase IV subunit B (EC 5.99.1.-)	fig|880447.6.peg.456
DNA Metabolism	DNA replication	DNA topoisomerases, Type II, ATP-dependent	Topoisomerase IV subunit A (EC 5.99.1.-)	fig|880447.6.peg.455
DNA Metabolism	DNA uptake, competence	DNA processing cluster	Recombination protein RecR	fig|880447.6.peg.8
DNA Metabolism	DNA uptake, competence	DNA processing cluster	DNA polymerase III subunits gamma and tau (EC 2.7.7.7)	fig|880447.6.peg.7
Fatty Acids, Lipids, and Isoprenoids	Phospholipids	Cardiolipin synthesis	Cardiolipin synthetase (EC 2.7.8.-)	fig|880447.6.peg.196
Fatty Acids, Lipids, and Isoprenoids	Phospholipids	Glycerolipid and Glycerophospholipid Metabolism in Bacteria	Acyl-phosphate:glycerol-3-phosphate O-acyltransferase PlsY	fig|880447.6.peg.163
Fatty Acids, Lipids, and Isoprenoids	Phospholipids	Glycerolipid and Glycerophospholipid Metabolism in Bacteria	1-acyl-sn-glycerol-3-phosphate acyltransferase (EC 2.3.1.51)	fig|880447.6.peg.407
Fatty Acids, Lipids, and Isoprenoids	Phospholipids	Glycerolipid and Glycerophospholipid Metabolism in Bacteria	Glycerol-3-phosphate dehydrogenase (EC 1.1.5.3)	fig|880447.6.peg.263
Fatty Acids, Lipids, and Isoprenoids	Phospholipids	Glycerolipid and Glycerophospholipid Metabolism in Bacteria	CDP-diacylglycerol--glycerol-3-phosphate 3-phosphatidyltransferase (EC 2.7.8.5)	fig|880447.6.peg.817
Fatty Acids, Lipids, and Isoprenoids	Phospholipids	Glycerolipid and Glycerophospholipid Metabolism in Bacteria	Glycerol-3-phosphate dehydrogenase [NAD(P)+] (EC 1.1.1.94)	fig|880447.6.peg.564
Fatty Acids, Lipids, and Isoprenoids	Phospholipids	Glycerolipid and Glycerophospholipid Metabolism in Bacteria	Glycerol kinase (EC 2.7.1.30)	fig|880447.6.peg.262
Fatty Acids, Lipids, and Isoprenoids	Phospholipids	Glycerolipid and Glycerophospholipid Metabolism in Bacteria	Cardiolipin synthetase (EC 2.7.8.-)	fig|880447.6.peg.196
Fatty Acids, Lipids, and Isoprenoids	Phospholipids	Glycerolipid and Glycerophospholipid Metabolism in Bacteria	Dihydroxyacetone kinase family protein	fig|880447.6.peg.488
Fatty Acids, Lipids, and Isoprenoids	Phospholipids	Glycerolipid and Glycerophospholipid Metabolism in Bacteria	Phosphatidate cytidylyltransferase (EC 2.7.7.41)	fig|880447.6.peg.349
Fatty Acids, Lipids, and Isoprenoids	Phospholipids	Glycerolipid and Glycerophospholipid Metabolism in Bacteria	Acyl carrier protein	fig|880447.6.peg.644
Fatty Acids, Lipids, and Isoprenoids	Phospholipids	Glycerolipid and Glycerophospholipid Metabolism in Bacteria	Phosphate:acyl-ACP acyltransferase PlsX	fig|880447.6.peg.489
Fatty Acids, Lipids, and Isoprenoids	Triacylglycerols	Triacylglycerol metabolism	Monoglyceride lipase (EC 3.1.1.23)	fig|880447.6.peg.330, fig|880447.6.peg.864
Fatty Acids, Lipids, and Isoprenoids	Triacylglycerols	Triacylglycerol metabolism	Triacylglycerol lipase (EC 3.1.1.3)	fig|880447.6.peg.440, fig|880447.6.peg.441, fig|880447.6.peg.442
Fatty Acids, Lipids, and Isoprenoids	Triacylglycerols	Triacylglycerol metabolism	Lysophospholipase (EC 3.1.1.5)	fig|880447.6.peg.330, fig|880447.6.peg.864
Dormancy and Sporulation	Dormancy and Sporulation - no subcategory	Sporulation-associated proteins with broader functions	Peptidyl-tRNA hydrolase (EC 3.1.1.29)	fig|880447.6.peg.145
Respiration	ATP synthases	F0F1-type ATP synthase	ATP synthase F0 sector subunit c (EC 3.6.3.14)	fig|880447.6.peg.124
Respiration	ATP synthases	F0F1-type ATP synthase	ATP synthase delta chain (EC 3.6.3.14)	fig|880447.6.peg.126
Respiration	ATP synthases	F0F1-type ATP synthase	ATP synthase beta chain (EC 3.6.3.14)	fig|880447.6.peg.129, fig|880447.6.peg.366
Respiration	ATP synthases	F0F1-type ATP synthase	ATP synthase gamma chain (EC 3.6.3.14)	fig|880447.6.peg.128
Respiration	ATP synthases	F0F1-type ATP synthase	ATP synthase F0 sector subunit b (EC 3.6.3.14)	fig|880447.6.peg.125
Respiration	ATP synthases	F0F1-type ATP synthase	ATP synthase F0 sector subunit a (EC 3.6.3.14)	fig|880447.6.peg.123
Respiration	ATP synthases	F0F1-type ATP synthase	ATP synthase alpha chain (EC 3.6.3.14)	fig|880447.6.peg.127, fig|880447.6.peg.365
Respiration	ATP synthases	F0F1-type ATP synthase	ATP synthase epsilon chain (EC 3.6.3.14)	fig|880447.6.peg.130
Respiration	Electron donating reactions	Respiratory dehydrogenases 1	NADH dehydrogenase (EC 1.6.99.3)	fig|880447.6.peg.267
Respiration	Electron donating reactions	Respiratory dehydrogenases 1	Glycerol-3-phosphate dehydrogenase (EC 1.1.5.3)	fig|880447.6.peg.263
Stress Response	Osmotic stress	Osmoregulation	Glycerol uptake facilitator protein	fig|880447.6.peg.261
Stress Response	Oxidative stress	Oxidative stress	Ferric uptake regulation protein	fig|880447.6.peg.643
Stress Response	Oxidative stress	Oxidative stress	Alkyl hydroperoxide reductase subunit C-like protein	fig|880447.6.peg.852
Stress Response	Oxidative stress	Oxidative stress	Fe2+/Zn2+ uptake regulation proteins	fig|880447.6.peg.643
Stress Response	Oxidative stress	Oxidative stress	Peroxide stress regulator	fig|880447.6.peg.643
Stress Response	Oxidative stress	CoA disulfide thiol-disulfide redox system	CoA-disulfide reductase (EC 1.8.1.14)	fig|880447.6.peg.546, fig|880447.6.peg.876
Stress Response	Oxidative stress	Redox-dependent regulation of nucleus processes	Nicotinate phosphoribosyltransferase (EC 2.4.2.11)	fig|880447.6.peg.639
Stress Response	Oxidative stress	Redox-dependent regulation of nucleus processes	Nicotinamidase (EC 3.5.1.19)	fig|880447.6.peg.877
Stress Response	Oxidative stress	Redox-dependent regulation of nucleus processes	NAD-dependent protein deacetylase of SIR2 family	fig|880447.6.peg.444
Stress Response	Oxidative stress	Redox-dependent regulation of nucleus processes	NAD-dependent glyceraldehyde-3-phosphate dehydrogenase (EC 1.2.1.12)	fig|880447.6.peg.632
Stress Response	Oxidative stress	Cluster containing Glutathione synthetase	Putative Holliday junction resolvase YggF	fig|880447.6.peg.259
Stress Response	Cold shock	Cold shock, CspA family of proteins	Cold shock protein CspA	fig|880447.6.peg.28
Stress Response	Heat shock	Heat shock dnaK gene cluster extended	Heat shock protein GrpE	fig|880447.6.peg.377
Stress Response	Heat shock	Heat shock dnaK gene cluster extended	Heat-inducible transcription repressor HrcA	fig|880447.6.peg.376
Stress Response	Heat shock	Heat shock dnaK gene cluster extended	Chaperone protein DnaK	fig|880447.6.peg.378
Stress Response	Heat shock	Heat shock dnaK gene cluster extended	Translation elongation factor LepA	fig|880447.6.peg.331
Stress Response	Heat shock	Heat shock dnaK gene cluster extended	Chaperone protein DnaJ	fig|880447.6.peg.47, fig|880447.6.peg.379
Stress Response	Heat shock	Heat shock dnaK gene cluster extended	Nucleoside 5-triphosphatase RdgB (dHAPTP, dITP, XTP-specific) (EC 3.6.1.15)	fig|880447.6.peg.372
Stress Response	Heat shock	Heat shock dnaK gene cluster extended	tmRNA-binding protein SmpB	fig|880447.6.peg.138
Stress Response	Heat shock	Heat shock dnaK gene cluster extended	rRNA small subunit methyltransferase I	fig|880447.6.peg.410
Amino Acids and Derivatives	Glutamine, glutamate, aspartate, asparagine; ammonia assimilation	Glutamine, Glutamate, Aspartate and Asparagine Biosynthesis	Aspartate--ammonia ligase (EC 6.3.1.1)	fig|880447.6.peg.826
Amino Acids and Derivatives	Arginine; urea cycle, polyamines	Polyamine Metabolism	Putrescine transport ATP-binding protein PotA (TC 3.A.1.11.1)	fig|880447.6.peg.240
Amino Acids and Derivatives	Arginine; urea cycle, polyamines	Polyamine Metabolism	Arginine/ornithine antiporter ArcD	fig|880447.6.peg.812
Amino Acids and Derivatives	Arginine; urea cycle, polyamines	Polyamine Metabolism	Carbamate kinase (EC 2.7.2.2)	fig|880447.6.peg.647
Amino Acids and Derivatives	Arginine; urea cycle, polyamines	Polyamine Metabolism	Agmatine deiminase (EC 3.5.3.12)	fig|880447.6.peg.648
Amino Acids and Derivatives	Arginine; urea cycle, polyamines	Polyamine Metabolism	Putrescine carbamoyltransferase (EC 2.1.3.6)	fig|880447.6.peg.650
Amino Acids and Derivatives	Arginine; urea cycle, polyamines	Polyamine Metabolism	Spermidine Putrescine ABC transporter permease component potC (TC_3.A.1.11.1)	fig|880447.6.peg.238
Amino Acids and Derivatives	Arginine; urea cycle, polyamines	Polyamine Metabolism	Spermidine Putrescine ABC transporter permease component PotB (TC 3.A.1.11.1)	fig|880447.6.peg.239
Amino Acids and Derivatives	Arginine; urea cycle, polyamines	Polyamine Metabolism	Agmatine/putrescine antiporter, associated with agmatine catabolism	fig|880447.6.peg.649
Amino Acids and Derivatives	Arginine; urea cycle, polyamines	Polyamine Metabolism	5'-methylthioadenosine nucleosidase (EC 3.2.2.16)	fig|880447.6.peg.532
Amino Acids and Derivatives	Lysine, threonine, methionine, and cysteine	Methionine Degradation	S-adenosylhomocysteine nucleosidase (EC 3.2.2.9)	fig|880447.6.peg.532
Amino Acids and Derivatives	Lysine, threonine, methionine, and cysteine	Methionine Degradation	S-adenosylmethionine synthetase (EC 2.5.1.6)	fig|880447.6.peg.477
Amino Acids and Derivatives	Lysine, threonine, methionine, and cysteine	Threonine degradation	Threonine dehydratase (EC 4.3.1.19)	fig|880447.6.peg.166
Amino Acids and Derivatives	Alanine, serine, and glycine	Glycine Biosynthesis	Serine hydroxymethyltransferase (EC 2.1.2.1)	fig|880447.6.peg.120
Amino Acids and Derivatives	Alanine, serine, and glycine	Alanine biosynthesis	Cysteine desulfurase (EC 2.8.1.7), SufS subfamily	fig|880447.6.peg.468
Amino Acids and Derivatives	Alanine, serine, and glycine	Serine Biosynthesis	Serine hydroxymethyltransferase (EC 2.1.2.1)	fig|880447.6.peg.120
Sulfur Metabolism	Sulfur Metabolism - no subcategory	Thioredoxin-disulfide reductase	Alkyl hydroperoxide reductase subunit C-like protein	fig|880447.6.peg.852
Sulfur Metabolism	Sulfur Metabolism - no subcategory	Thioredoxin-disulfide reductase	Thioredoxin reductase (EC 1.8.1.9)	fig|880447.6.peg.782
Phosphorus Metabolism	Phosphorus Metabolism - no subcategory	High affinity phosphate transporter and control of PHO regulon	Phosphate transport system permease protein PstC (TC 3.A.1.7.1)	fig|880447.6.peg.483
Phosphorus Metabolism	Phosphorus Metabolism - no subcategory	High affinity phosphate transporter and control of PHO regulon	Phosphate transport ATP-binding protein PstB (TC 3.A.1.7.1)	fig|880447.6.peg.482
Phosphorus Metabolism	Phosphorus Metabolism - no subcategory	High affinity phosphate transporter and control of PHO regulon	Phosphate transport system permease protein PstA (TC 3.A.1.7.1)	fig|880447.6.peg.483
Phosphorus Metabolism	Phosphorus Metabolism - no subcategory	High affinity phosphate transporter and control of PHO regulon	Phosphate transport system regulatory protein PhoU	fig|880447.6.peg.481
Phosphorus Metabolism	Phosphorus Metabolism - no subcategory	High affinity phosphate transporter and control of PHO regulon	Putative periplasmic phosphate-binding protein PstS (Mycoplasma type)	fig|880447.6.peg.484
Phosphorus Metabolism	Phosphorus Metabolism - no subcategory	Phosphate metabolism	Inorganic pyrophosphatase (EC 3.6.1.1)	fig|880447.6.peg.569
Phosphorus Metabolism	Phosphorus Metabolism - no subcategory	Phosphate metabolism	Phosphate transport system permease protein PstC (TC 3.A.1.7.1)	fig|880447.6.peg.483
Phosphorus Metabolism	Phosphorus Metabolism - no subcategory	Phosphate metabolism	Phosphate transport ATP-binding protein PstB (TC 3.A.1.7.1)	fig|880447.6.peg.482
Phosphorus Metabolism	Phosphorus Metabolism - no subcategory	Phosphate metabolism	Phosphate transport system permease protein PstA (TC 3.A.1.7.1)	fig|880447.6.peg.483
Phosphorus Metabolism	Phosphorus Metabolism - no subcategory	Phosphate metabolism	Phosphate transport system regulatory protein PhoU	fig|880447.6.peg.481
Phosphorus Metabolism	Phosphorus Metabolism - no subcategory	Phosphate metabolism	Putative periplasmic phosphate-binding protein PstS (Mycoplasma type)	fig|880447.6.peg.484
Carbohydrates	Central carbohydrate metabolism	Pyruvate metabolism II: acetyl-CoA, acetogenesis from pyruvate	Pyruvate dehydrogenase E1 component beta subunit (EC 1.2.4.1)	fig|880447.6.peg.270
Carbohydrates	Central carbohydrate metabolism	Pyruvate metabolism II: acetyl-CoA, acetogenesis from pyruvate	Dihydrolipoamide acetyltransferase component of pyruvate dehydrogenase complex (EC 2.3.1.12)	fig|880447.6.peg.271
Carbohydrates	Central carbohydrate metabolism	Pyruvate metabolism II: acetyl-CoA, acetogenesis from pyruvate	Phosphate acetyltransferase (EC 2.3.1.8)	fig|880447.6.peg.273
Carbohydrates	Central carbohydrate metabolism	Pyruvate metabolism II: acetyl-CoA, acetogenesis from pyruvate	Dihydrolipoamide dehydrogenase of pyruvate dehydrogenase complex (EC 1.8.1.4)	fig|880447.6.peg.272
Carbohydrates	Central carbohydrate metabolism	Pyruvate metabolism II: acetyl-CoA, acetogenesis from pyruvate	Acetate kinase (EC 2.7.2.1)	fig|880447.6.peg.274
Carbohydrates	Central carbohydrate metabolism	Pyruvate metabolism II: acetyl-CoA, acetogenesis from pyruvate	Pyruvate dehydrogenase E1 component alpha subunit (EC 1.2.4.1)	fig|880447.6.peg.269
Carbohydrates	Central carbohydrate metabolism	Pyruvate metabolism II: acetyl-CoA, acetogenesis from pyruvate	NAD-dependent protein deacetylase of SIR2 family	fig|880447.6.peg.444
Carbohydrates	Central carbohydrate metabolism	Pyruvate metabolism I: anaplerotic reactions, PEP	Pyruvate kinase (EC 2.7.1.40)	fig|880447.6.peg.265
Carbohydrates	Central carbohydrate metabolism	Pyruvate metabolism I: anaplerotic reactions, PEP	Malate permease	fig|880447.6.peg.17
Carbohydrates	Central carbohydrate metabolism	Pentose phosphate pathway	Transketolase (EC 2.2.1.1)	fig|880447.6.peg.599
Carbohydrates	Central carbohydrate metabolism	Pentose phosphate pathway	6-phosphogluconate dehydrogenase, decarboxylating (EC 1.1.1.44)	fig|880447.6.peg.459
Carbohydrates	Central carbohydrate metabolism	Pentose phosphate pathway	Ribose-phosphate pyrophosphokinase (EC 2.7.6.1)	fig|880447.6.peg.144
Carbohydrates	Central carbohydrate metabolism	Pentose phosphate pathway	Ribose 5-phosphate isomerase B (EC 5.3.1.6)	fig|880447.6.peg.119
Carbohydrates	Central carbohydrate metabolism	Pentose phosphate pathway	Ribulose-phosphate 3-epimerase (EC 5.1.3.1)	fig|880447.6.peg.307, fig|880447.6.peg.582
Carbohydrates	Central carbohydrate metabolism	Dihydroxyacetone kinases	Phosphoenolpyruvate-dihydroxyacetone phosphotransferase (EC 2.7.1.121), subunit DhaM	fig|880447.6.peg.281
Carbohydrates	Central carbohydrate metabolism	Dihydroxyacetone kinases	DHA-specific IIA component	fig|880447.6.peg.281
Carbohydrates	Central carbohydrate metabolism	Dihydroxyacetone kinases	Phosphoenolpyruvate-dihydroxyacetone phosphotransferase (EC 2.7.1.121), ADP-binding subunit DhaL	fig|880447.6.peg.280
Carbohydrates	Central carbohydrate metabolism	Dihydroxyacetone kinases	Phosphoenolpyruvate-dihydroxyacetone phosphotransferase (EC 2.7.1.121), dihydroxyacetone binding subunit DhaK	fig|880447.6.peg.695
Carbohydrates	Central carbohydrate metabolism	Glycolysis and Gluconeogenesis	6-phosphofructokinase (EC 2.7.1.11)	fig|880447.6.peg.264
Carbohydrates	Central carbohydrate metabolism	Glycolysis and Gluconeogenesis	Triosephosphate isomerase (EC 5.3.1.1)	fig|880447.6.peg.746
Carbohydrates	Central carbohydrate metabolism	Glycolysis and Gluconeogenesis	Fructose-bisphosphate aldolase class II (EC 4.1.2.13)	fig|880447.6.peg.180
Carbohydrates	Central carbohydrate metabolism	Glycolysis and Gluconeogenesis	2,3-bisphosphoglycerate-independent phosphoglycerate mutase (EC 5.4.2.1)	fig|880447.6.peg.748
Carbohydrates	Central carbohydrate metabolism	Glycolysis and Gluconeogenesis	Glucose-6-phosphate isomerase (EC 5.3.1.9)	fig|880447.6.peg.464
Carbohydrates	Central carbohydrate metabolism	Glycolysis and Gluconeogenesis	Non-phosphorylating glyceraldehyde-3-phosphate dehydrogenase (NADP) (EC 1.2.1.9)	fig|880447.6.peg.460
Carbohydrates	Central carbohydrate metabolism	Glycolysis and Gluconeogenesis	Pyruvate kinase (EC 2.7.1.40)	fig|880447.6.peg.265
Carbohydrates	Central carbohydrate metabolism	Glycolysis and Gluconeogenesis	Enolase (EC 4.2.1.11)	fig|880447.6.peg.257
Carbohydrates	Central carbohydrate metabolism	Glycolysis and Gluconeogenesis	NAD-dependent glyceraldehyde-3-phosphate dehydrogenase (EC 1.2.1.12)	fig|880447.6.peg.632
Carbohydrates	Central carbohydrate metabolism	Glycolysis and Gluconeogenesis	Phosphoglycerate kinase (EC 2.7.2.3)	fig|880447.6.peg.631
Carbohydrates	Central carbohydrate metabolism	Dehydrogenase complexes	Pyruvate dehydrogenase E1 component beta subunit (EC 1.2.4.1)	fig|880447.6.peg.270
Carbohydrates	Central carbohydrate metabolism	Dehydrogenase complexes	Dihydrolipoamide dehydrogenase of branched-chain alpha-keto acid dehydrogenase (EC 1.8.1.4)	fig|880447.6.peg.429
Carbohydrates	Central carbohydrate metabolism	Dehydrogenase complexes	Dihydrolipoamide acetyltransferase component of pyruvate dehydrogenase complex (EC 2.3.1.12)	fig|880447.6.peg.271
Carbohydrates	Central carbohydrate metabolism	Dehydrogenase complexes	Pyruvate dehydrogenase E1 component alpha subunit (EC 1.2.4.1)	fig|880447.6.peg.269
Carbohydrates	Central carbohydrate metabolism	Dehydrogenase complexes	Cytosol aminopeptidase PepA (EC 3.4.11.1)	fig|880447.6.peg.203, fig|880447.6.peg.232
Carbohydrates	Aminosugars	Chitin and N-acetylglucosamine utilization	PTS system, N-acetylglucosamine-specific IIB component (EC 2.7.1.69)	fig|880447.6.peg.135, fig|880447.6.peg.173, fig|880447.6.peg.786, fig|880447.6.peg.787, fig|880447.6.peg.791, fig|880447.6.peg.792, fig|880447.6.peg.793
Carbohydrates	Aminosugars	Chitin and N-acetylglucosamine utilization	Glucosamine-6-phosphate deaminase (EC 3.5.99.6)	fig|880447.6.peg.172, fig|880447.6.peg.745
Carbohydrates	Aminosugars	Chitin and N-acetylglucosamine utilization	PTS system, N-acetylglucosamine-specific IIC component (EC 2.7.1.69)	fig|880447.6.peg.173
Carbohydrates	Aminosugars	Chitin and N-acetylglucosamine utilization	Chitinase (EC 3.2.1.14)	fig|880447.6.peg.43, fig|880447.6.peg.44, fig|880447.6.peg.49, fig|880447.6.peg.54, fig|880447.6.peg.55, fig|880447.6.peg.56, fig|880447.6.peg.447, fig|880447.6.peg.448, fig|880447.6.peg.493, fig|880447.6.peg.558, fig|880447.6.peg.574, fig|880447.6.peg.614, fig|880447.6.peg.704, fig|880447.6.peg.705
Carbohydrates	Aminosugars	Chitin and N-acetylglucosamine utilization	N-acetylglucosamine-6-phosphate deacetylase (EC 3.5.1.25)	fig|880447.6.peg.438
Carbohydrates	Di- and oligosaccharides	Trehalose Biosynthesis	Trehalose phosphorylase (EC 2.4.1.64)	fig|880447.6.peg.227
Carbohydrates	Di- and oligosaccharides	Trehalose Uptake and Utilization	PTS system, trehalose-specific IIC component (EC 2.7.1.69)	fig|880447.6.peg.697
Carbohydrates	Di- and oligosaccharides	Trehalose Uptake and Utilization	Trehalose-6-phosphate hydrolase (EC 3.2.1.93)	fig|880447.6.peg.228, fig|880447.6.peg.696
Carbohydrates	Di- and oligosaccharides	Trehalose Uptake and Utilization	Trehalose phosphorylase (EC 2.4.1.64)	fig|880447.6.peg.227
Carbohydrates	Di- and oligosaccharides	Trehalose Uptake and Utilization	Beta-phosphoglucomutase (EC 5.4.2.6)	fig|880447.6.peg.218
Carbohydrates	Di- and oligosaccharides	Trehalose Uptake and Utilization	PTS system, trehalose-specific IIB component (EC 2.7.1.69)	fig|880447.6.peg.697
Carbohydrates	One-carbon Metabolism	One-carbon metabolism by tetrahydropterines	5-formyltetrahydrofolate cyclo-ligase (EC 6.3.3.2)	fig|880447.6.peg.466
Carbohydrates	One-carbon Metabolism	One-carbon metabolism by tetrahydropterines	Methylenetetrahydrofolate dehydrogenase (NADP+) (EC 1.5.1.5)	fig|880447.6.peg.707
Carbohydrates	One-carbon Metabolism	One-carbon metabolism by tetrahydropterines	Methenyltetrahydrofolate cyclohydrolase (EC 3.5.4.9)	fig|880447.6.peg.707
Carbohydrates	Fermentation	Fermentations: Lactate	D-lactate dehydrogenase (EC 1.1.1.28)	fig|880447.6.peg.18
Carbohydrates	Fermentation	Fermentations: Lactate	L-lactate dehydrogenase (EC 1.1.1.27)	fig|880447.6.peg.439
Carbohydrates	Fermentation	Fermentations: Lactate	Phosphate acetyltransferase (EC 2.3.1.8)	fig|880447.6.peg.273
Carbohydrates	Fermentation	Fermentations: Lactate	Acetate kinase (EC 2.7.2.1)	fig|880447.6.peg.274
Carbohydrates	Sugar alcohols	Glycerol and Glycerol-3-phosphate Uptake and Utilization	Glycerophosphoryl diester phosphodiesterase (EC 3.1.4.46)	fig|880447.6.peg.185
Carbohydrates	Sugar alcohols	Glycerol and Glycerol-3-phosphate Uptake and Utilization	Glycerol-3-phosphate dehydrogenase (EC 1.1.5.3)	fig|880447.6.peg.263
Carbohydrates	Sugar alcohols	Glycerol and Glycerol-3-phosphate Uptake and Utilization	Glycerol-3-phosphate dehydrogenase [NAD(P)+] (EC 1.1.1.94)	fig|880447.6.peg.564
Carbohydrates	Sugar alcohols	Glycerol and Glycerol-3-phosphate Uptake and Utilization	Glycerol kinase (EC 2.7.1.30)	fig|880447.6.peg.262
Carbohydrates	Sugar alcohols	Glycerol and Glycerol-3-phosphate Uptake and Utilization	Glycerol uptake facilitator protein	fig|880447.6.peg.261
Carbohydrates	Sugar alcohols	Mannitol Utilization	Phosphoenolpyruvate-protein phosphotransferase of PTS system (EC 2.7.3.9)	fig|880447.6.peg.277
Carbohydrates	Sugar alcohols	Mannitol Utilization	PTS system, mannitol-specific IIC component (EC 2.7.1.69)	fig|880447.6.peg.33, fig|880447.6.peg.457
Carbohydrates	Sugar alcohols	Mannitol Utilization	Mannitol-1-phosphate 5-dehydrogenase (EC 1.1.1.17)	fig|880447.6.peg.37
Carbohydrates	Sugar alcohols	Mannitol Utilization	PTS system, mannitol-specific IIB component (EC 2.7.1.69)	fig|880447.6.peg.33, fig|880447.6.peg.457
Carbohydrates	Sugar alcohols	Mannitol Utilization	HPr kinase/phosphorylase (EC 2.7.1.-) (EC 2.7.4.-)	fig|880447.6.peg.780
Carbohydrates	Monosaccharides	Mannose Metabolism	Alpha-mannosidase (EC 3.2.1.24)	fig|880447.6.peg.856
Carbohydrates	Monosaccharides	Mannose Metabolism	Mannose-6-phosphate isomerase (EC 5.3.1.8)	fig|880447.6.peg.474
Carbohydrates	Monosaccharides	Deoxyribose and Deoxynucleoside Catabolism	Purine nucleoside phosphorylase (EC 2.4.2.1)	fig|880447.6.peg.866
Carbohydrates	Monosaccharides	Deoxyribose and Deoxynucleoside Catabolism	Thymidine phosphorylase (EC 2.4.2.4)	fig|880447.6.peg.753
Carbohydrates	Monosaccharides	Deoxyribose and Deoxynucleoside Catabolism	Deoxyribose-phosphate aldolase (EC 4.1.2.4)	fig|880447.6.peg.751
Carbohydrates	Monosaccharides	Fructose utilization	Phosphoenolpyruvate-protein phosphotransferase of PTS system (EC 2.7.3.9)	fig|880447.6.peg.277
Carbohydrates	Monosaccharides	Fructose utilization	PTS system, fructose-specific IIC component (EC 2.7.1.69)	fig|880447.6.peg.870
Carbohydrates	Monosaccharides	Fructose utilization	Transcriptional repressor of the fructose operon, DeoR family	fig|880447.6.peg.608, fig|880447.6.peg.868
Carbohydrates	Monosaccharides	Fructose utilization	PTS system, fructose-specific IIB component (EC 2.7.1.69)	fig|880447.6.peg.855, fig|880447.6.peg.857, fig|880447.6.peg.870
Carbohydrates	Monosaccharides	Fructose utilization	1-phosphofructokinase (EC 2.7.1.56)	fig|880447.6.peg.610, fig|880447.6.peg.869
Carbohydrates	Monosaccharides	Fructose utilization	PTS system, fructose-specific IIA component (EC 2.7.1.69)	fig|880447.6.peg.870
