Category,Subcategory,Subsystem,Role
"Cofactors, Vitamins, Prosthetic Groups, Pigments","Riboflavin, FMN, FAD","Riboflavin, FMN and FAD metabolism in plants",FMN adenylyltransferase (EC 2.7.7.2)
"Cofactors, Vitamins, Prosthetic Groups, Pigments","Riboflavin, FMN, FAD","Riboflavin, FMN and FAD metabolism in plants",FIG000859: hypothetical protein YebC
"Cofactors, Vitamins, Prosthetic Groups, Pigments","Riboflavin, FMN, FAD","Riboflavin, FMN and FAD metabolism in plants",tRNA (5-methylaminomethyl-2-thiouridylate)-methyltransferase (EC 2.1.1.61)
"Cofactors, Vitamins, Prosthetic Groups, Pigments","Riboflavin, FMN, FAD","Riboflavin, FMN and FAD metabolism in plants",C-terminal domain of CinA type S
"Cofactors, Vitamins, Prosthetic Groups, Pigments","Riboflavin, FMN, FAD","Riboflavin, FMN and FAD metabolism in plants",tRNA pseudouridine synthase B (EC 4.2.1.70)
"Cofactors, Vitamins, Prosthetic Groups, Pigments","Riboflavin, FMN, FAD","Riboflavin, FMN and FAD metabolism in plants",Riboflavin kinase (EC 2.7.1.26)
"Cofactors, Vitamins, Prosthetic Groups, Pigments","Riboflavin, FMN, FAD",riboflavin to FAD,FMN adenylyltransferase (EC 2.7.7.2)
"Cofactors, Vitamins, Prosthetic Groups, Pigments","Riboflavin, FMN, FAD",riboflavin to FAD,Riboflavin kinase (EC 2.7.1.26)
"Cofactors, Vitamins, Prosthetic Groups, Pigments","Riboflavin, FMN, FAD","Riboflavin, FMN and FAD metabolism",FMN adenylyltransferase (EC 2.7.7.2)
"Cofactors, Vitamins, Prosthetic Groups, Pigments","Riboflavin, FMN, FAD","Riboflavin, FMN and FAD metabolism",Riboflavin kinase (EC 2.7.1.26)
"Cofactors, Vitamins, Prosthetic Groups, Pigments",NAD and NADP,NAD and NADP cofactor biosynthesis global,Nicotinate phosphoribosyltransferase (EC 2.4.2.11)
"Cofactors, Vitamins, Prosthetic Groups, Pigments",NAD and NADP,NAD and NADP cofactor biosynthesis global,C-terminal domain of CinA type S
"Cofactors, Vitamins, Prosthetic Groups, Pigments",NAD and NADP,NAD and NADP cofactor biosynthesis global,Nicotinate-nucleotide adenylyltransferase (EC 2.7.7.18)
"Cofactors, Vitamins, Prosthetic Groups, Pigments",NAD and NADP,NAD and NADP cofactor biosynthesis global,NAD synthetase (EC 6.3.1.5)
"Cofactors, Vitamins, Prosthetic Groups, Pigments",Folate and pterines,Folate biosynthesis cluster,Cell division protein FtsH (EC 3.4.24.-)
"Cofactors, Vitamins, Prosthetic Groups, Pigments",Folate and pterines,Folate biosynthesis cluster,tRNA(Ile)-lysidine synthetase (EC 6.3.4.19)
"Cofactors, Vitamins, Prosthetic Groups, Pigments",Folate and pterines,Folate biosynthesis cluster,Hypoxanthine-guanine phosphoribosyltransferase (EC 2.4.2.8)
"Cofactors, Vitamins, Prosthetic Groups, Pigments",Lipoic acid,Lipoic acid metabolism,Lipoate-protein ligase A
"Cofactors, Vitamins, Prosthetic Groups, Pigments",Coenzyme A,Coenzyme A Biosynthesis,Dephospho-CoA kinase (EC 2.7.1.24)
Cell Wall and Capsule,Cell Wall and Capsule - no subcategory,YjeE,"TsaB protein, required for threonylcarbamoyladenosine (t(6)A) formation in tRNA"
Cell Wall and Capsule,Cell Wall and Capsule - no subcategory,YjeE,"TsaE protein, required for threonylcarbamoyladenosine t(6)A37 formation in tRNA"
"Virulence, Disease and Defense",Resistance to antibiotics and toxic compounds,Copper homeostasis,Copper-translocating P-type ATPase (EC 3.6.3.4)
"Virulence, Disease and Defense",Resistance to antibiotics and toxic compounds,Resistance to fluoroquinolones,DNA gyrase subunit B (EC 5.99.1.3)
"Virulence, Disease and Defense",Resistance to antibiotics and toxic compounds,Resistance to fluoroquinolones,DNA gyrase subunit A (EC 5.99.1.3)
"Virulence, Disease and Defense",Resistance to antibiotics and toxic compounds,Resistance to fluoroquinolones,Topoisomerase IV subunit B (EC 5.99.1.-)
"Virulence, Disease and Defense",Resistance to antibiotics and toxic compounds,Resistance to fluoroquinolones,Topoisomerase IV subunit A (EC 5.99.1.-)
"Virulence, Disease and Defense",Invasion and intracellular resistance,Mycobacterium virulence operon involved in protein synthesis (SSU ribosomal proteins),SSU ribosomal protein S7p (S5e)
"Virulence, Disease and Defense",Invasion and intracellular resistance,Mycobacterium virulence operon involved in protein synthesis (SSU ribosomal proteins),Translation elongation factor G
"Virulence, Disease and Defense",Invasion and intracellular resistance,Mycobacterium virulence operon involved in protein synthesis (SSU ribosomal proteins),Translation elongation factor Tu
"Virulence, Disease and Defense",Invasion and intracellular resistance,Mycobacterium virulence operon involved in protein synthesis (SSU ribosomal proteins),SSU ribosomal protein S12p (S23e)
"Virulence, Disease and Defense",Invasion and intracellular resistance,Mycobacterium virulence operon involved in DNA transcription,DNA-directed RNA polymerase beta' subunit (EC 2.7.7.6)
"Virulence, Disease and Defense",Invasion and intracellular resistance,Mycobacterium virulence operon involved in DNA transcription,DNA-directed RNA polymerase beta subunit (EC 2.7.7.6)
"Virulence, Disease and Defense",Invasion and intracellular resistance,Mycobacterium virulence operon involved in protein synthesis (LSU ribosomal proteins),LSU ribosomal protein L35p
"Virulence, Disease and Defense",Invasion and intracellular resistance,Mycobacterium virulence operon involved in protein synthesis (LSU ribosomal proteins),Translation initiation factor 3
"Virulence, Disease and Defense",Invasion and intracellular resistance,Mycobacterium virulence operon involved in protein synthesis (LSU ribosomal proteins),LSU ribosomal protein L20p
Potassium metabolism,Potassium metabolism - no subcategory,Potassium homeostasis,Trk system potassium uptake protein TrkA
Miscellaneous,Miscellaneous - no subcategory,Phosphoglycerate mutase protein family,"2,3-bisphosphoglycerate-independent phosphoglycerate mutase (EC 5.4.2.1)"
Membrane Transport,ABC transporters,ABC transporter oligopeptide (TC 3.A.1.5.1),Oligopeptide transport system permease protein OppC (TC 3.A.1.5.1)
Membrane Transport,ABC transporters,ABC transporter oligopeptide (TC 3.A.1.5.1),Oligopeptide transport system permease protein OppB (TC 3.A.1.5.1)
Membrane Transport,ABC transporters,ABC transporter oligopeptide (TC 3.A.1.5.1),Oligopeptide transport ATP-binding protein OppF (TC 3.A.1.5.1)
Membrane Transport,ABC transporters,ABC transporter oligopeptide (TC 3.A.1.5.1),Oligopeptide transport ATP-binding protein OppD (TC 3.A.1.5.1)
Membrane Transport,ABC transporters,ABC transporter oligopeptide (TC 3.A.1.5.1),"Oligopeptide ABC transporter, periplasmic oligopeptide-binding protein OppA (TC 3.A.1.5.1)"
Membrane Transport,Protein translocation across cytoplasmic membrane,Bacterial signal recognition particle (SRP),"Signal recognition particle, subunit Ffh SRP54 (TC 3.A.5.1.1)"
Membrane Transport,Protein translocation across cytoplasmic membrane,Bacterial signal recognition particle (SRP),Signal recognition particle receptor protein FtsY (=alpha subunit) (TC 3.A.5.1.1)
Membrane Transport,Cation transporters,Magnesium transport,Mg/Co/Ni transporter MgtE
Membrane Transport,Cation transporters,Copper Transport System,Copper-translocating P-type ATPase (EC 3.6.3.4)
Membrane Transport,Membrane Transport - no subcategory,ECF class transporters,Substrate-specific component FolT of folate ECF transporter
Membrane Transport,Membrane Transport - no subcategory,ECF class transporters,Transmembrane component of general energizing module of ECF transporters
Membrane Transport,Membrane Transport - no subcategory,ECF class transporters,ATPase component of general energizing module of ECF transporters
Membrane Transport,Membrane Transport - no subcategory,Ton and Tol transport systems,TolA protein
Membrane Transport,Membrane Transport - no subcategory,Ton and Tol transport systems,Putative TolA protein
RNA Metabolism,RNA processing and modification,RNA pseudouridine syntheses,Ribosomal large subunit pseudouridine synthase D (EC 4.2.1.70)
RNA Metabolism,RNA processing and modification,RNA pseudouridine syntheses,Ribosomal large subunit pseudouridine synthase C (EC 4.2.1.70)
RNA Metabolism,RNA processing and modification,RNA pseudouridine syntheses,Ribosomal large subunit pseudouridine synthase B (EC 4.2.1.70)
RNA Metabolism,RNA processing and modification,RNA pseudouridine syntheses,tRNA pseudouridine synthase B (EC 4.2.1.70)
RNA Metabolism,RNA processing and modification,Ribonucleases in Bacillus,Ribonuclease J1 (endonuclease and 5' exonuclease)
RNA Metabolism,RNA processing and modification,Ribonucleases in Bacillus,Ribonuclease J2 (endoribonuclease in RNA processing)
RNA Metabolism,RNA processing and modification,Ribonucleases in Bacillus,Ribonuclease HIII (EC 3.1.26.4)
RNA Metabolism,RNA processing and modification,"RNA processing and degradation, bacterial",3'-to-5' exoribonuclease RNase R
RNA Metabolism,RNA processing and modification,"RNA processing and degradation, bacterial","FIG146085: 3'-to-5' oligoribonuclease A, Bacillus type"
RNA Metabolism,RNA processing and modification,"RNA processing and degradation, bacterial",Ribonuclease III (EC 3.1.26.3)
RNA Metabolism,RNA processing and modification,RNA methylation,tRNA (guanosine(18)-2'-O)-methyltransferase (EC 2.1.1.34)
RNA Metabolism,RNA processing and modification,RNA methylation,tRNA (adenine37-N(6))-methyltransferase TrmN6 (EC 2.1.1.223)
RNA Metabolism,RNA processing and modification,RNA methylation,Ribosomal RNA small subunit methyltransferase E (EC 2.1.1.-)
RNA Metabolism,RNA processing and modification,RNA methylation,SSU rRNA (adenine(1518)-N(6)/adenine(1519)-N(6))-dimethyltransferase (EC 2.1.1.182)
RNA Metabolism,RNA processing and modification,RNA methylation,23S rRNA (guanosine-2'-O-) -methyltransferase rlmB (EC 2.1.1.-)
RNA Metabolism,RNA processing and modification,RNA methylation,tRNA (guanine46-N7-)-methyltransferase (EC 2.1.1.33)
RNA Metabolism,RNA processing and modification,RNA methylation,tRNA (5-methylaminomethyl-2-thiouridylate)-methyltransferase (EC 2.1.1.61)
RNA Metabolism,RNA processing and modification,RNA methylation,tRNA (Guanine37-N1) -methyltransferase (EC 2.1.1.31)
RNA Metabolism,RNA processing and modification,RNA methylation,tRNA (cytidine(34)-2'-O)-methyltransferase (EC 2.1.1.207)
RNA Metabolism,RNA processing and modification,RNA methylation,LSU m3Psi1915 methyltransferase RlmH
RNA Metabolism,RNA processing and modification,RNA methylation,rRNA small subunit 7-methylguanosine (m7G) methyltransferase GidB
RNA Metabolism,RNA processing and modification,RNA methylation,16S rRNA (guanine(966)-N(2))-methyltransferase (EC 2.1.1.171)
RNA Metabolism,RNA processing and modification,16S rRNA modification within P site of ribosome,Cell division protein MraZ
RNA Metabolism,RNA processing and modification,16S rRNA modification within P site of ribosome,rRNA small subunit methyltransferase H
RNA Metabolism,RNA processing and modification,16S rRNA modification within P site of ribosome,rRNA small subunit methyltransferase I
RNA Metabolism,RNA processing and modification,Ribonuclease H,Ribonuclease HIII (EC 3.1.26.4)
RNA Metabolism,RNA processing and modification,mnm5U34 biosynthesis bacteria,GTPase and tRNA-U34 5-formylation enzyme TrmE
RNA Metabolism,RNA processing and modification,mnm5U34 biosynthesis bacteria,tRNA uridine 5-carboxymethylaminomethyl modification enzyme GidA
RNA Metabolism,RNA processing and modification,mnm5U34 biosynthesis bacteria,tRNA (5-methylaminomethyl-2-thiouridylate)-methyltransferase (EC 2.1.1.61)
RNA Metabolism,RNA processing and modification,mnm5U34 biosynthesis bacteria,"Cysteine desulfurase (EC 2.8.1.7), SufS subfamily"
RNA Metabolism,RNA processing and modification,tRNA processing,Ribonuclease P protein component (EC 3.1.26.5)
RNA Metabolism,RNA processing and modification,tRNA processing,tRNA(Ile)-lysidine synthetase (EC 6.3.4.19)
RNA Metabolism,RNA processing and modification,tRNA processing,tRNA pseudouridine synthase B (EC 4.2.1.70)
RNA Metabolism,Transcription,"Transcription initiation, bacterial sigma factors",RNA polymerase sigma factor RpoD
RNA Metabolism,Transcription,RNA polymerase bacterial,DNA-directed RNA polymerase alpha subunit (EC 2.7.7.6)
RNA Metabolism,Transcription,RNA polymerase bacterial,DNA-directed RNA polymerase beta' subunit (EC 2.7.7.6)
RNA Metabolism,Transcription,RNA polymerase bacterial,DNA-directed RNA polymerase beta subunit (EC 2.7.7.6)
RNA Metabolism,Transcription,Transcription factors bacterial,Transcription termination protein NusB
RNA Metabolism,Transcription,Transcription factors bacterial,Transcription elongation factor GreA
RNA Metabolism,Transcription,Transcription factors bacterial,Transcription antitermination protein NusG
RNA Metabolism,Transcription,Transcription factors bacterial,Transcription termination protein NusA
Nucleosides and Nucleotides,Purines,Purine conversions,Purine nucleoside phosphorylase (EC 2.4.2.1)
Nucleosides and Nucleotides,Purines,Purine conversions,Adenylate kinase (EC 2.7.4.3)
Nucleosides and Nucleotides,Purines,Purine conversions,Adenine phosphoribosyltransferase (EC 2.4.2.7)
Nucleosides and Nucleotides,Purines,Purine conversions,Guanylate kinase (EC 2.7.4.8)
Nucleosides and Nucleotides,Purines,Purine conversions,Hypoxanthine-guanine phosphoribosyltransferase (EC 2.4.2.8)
Nucleosides and Nucleotides,Nucleosides and Nucleotides - no subcategory,Ribonucleotide reduction,"Ribonucleotide reductase of class Ib (aerobic), alpha subunit (EC 1.17.4.1)"
Nucleosides and Nucleotides,Nucleosides and Nucleotides - no subcategory,Ribonucleotide reduction,Ribonucleotide reduction protein NrdI
Nucleosides and Nucleotides,Nucleosides and Nucleotides - no subcategory,Ribonucleotide reduction,"Ribonucleotide reductase of class Ib (aerobic), beta subunit (EC 1.17.4.1)"
Nucleosides and Nucleotides,Nucleosides and Nucleotides - no subcategory,Adenosyl nucleosidases,S-adenosylhomocysteine nucleosidase (EC 3.2.2.9)
Nucleosides and Nucleotides,Nucleosides and Nucleotides - no subcategory,Adenosyl nucleosidases,Purine nucleoside phosphorylase (EC 2.4.2.1)
Nucleosides and Nucleotides,Nucleosides and Nucleotides - no subcategory,Adenosyl nucleosidases,5'-methylthioadenosine nucleosidase (EC 3.2.2.16)
Nucleosides and Nucleotides,Detoxification,Housecleaning nucleoside triphosphate pyrophosphatases,Dimeric dUTPase (EC 3.6.1.23)
Protein Metabolism,Protein folding,Protein chaperones,Heat shock protein GrpE
Protein Metabolism,Protein folding,Protein chaperones,Chaperone protein DnaK
Protein Metabolism,Protein folding,Protein chaperones,Chaperone protein DnaJ
Protein Metabolism,Protein folding,Protein chaperones,ClpB protein
Protein Metabolism,Protein biosynthesis,"tRNA aminoacylation, Val",Valyl-tRNA synthetase (EC 6.1.1.9)
Protein Metabolism,Protein biosynthesis,"tRNA aminoacylation, Met",Methionyl-tRNA synthetase (EC 6.1.1.10)
Protein Metabolism,Protein biosynthesis,"tRNA aminoacylation, Ile",Isoleucyl-tRNA synthetase (EC 6.1.1.5)
Protein Metabolism,Protein biosynthesis,"tRNA aminoacylation, Arg",Arginyl-tRNA synthetase (EC 6.1.1.19)
Protein Metabolism,Protein biosynthesis,Translation initiation factors bacterial,Translation initiation factor 1
Protein Metabolism,Protein biosynthesis,Translation initiation factors bacterial,Translation initiation factor 3
Protein Metabolism,Protein biosynthesis,Translation initiation factors bacterial,Translation initiation factor 2
Protein Metabolism,Protein biosynthesis,Translation initiation factors bacterial,Ribosome-binding factor A
Protein Metabolism,Protein biosynthesis,Ribosome SSU bacterial,"SSU ribosomal protein S18p, zinc-dependent"
Protein Metabolism,Protein biosynthesis,Ribosome SSU bacterial,SSU ribosomal protein S11p (S14e)
Protein Metabolism,Protein biosynthesis,Ribosome SSU bacterial,SSU ribosomal protein S6p
Protein Metabolism,Protein biosynthesis,Ribosome SSU bacterial,SSU ribosomal protein S15p (S13e)
Protein Metabolism,Protein biosynthesis,Ribosome SSU bacterial,SSU ribosomal protein S14p (S29e)
Protein Metabolism,Protein biosynthesis,Ribosome SSU bacterial,SSU ribosomal protein S5p (S2e)
Protein Metabolism,Protein biosynthesis,Ribosome SSU bacterial,SSU ribosomal protein S18p
Protein Metabolism,Protein biosynthesis,Ribosome SSU bacterial,SSU ribosomal protein S17p (S11e)
Protein Metabolism,Protein biosynthesis,Ribosome SSU bacterial,SSU ribosomal protein S20p
Protein Metabolism,Protein biosynthesis,Ribosome SSU bacterial,SSU ribosomal protein S12p (S23e)
Protein Metabolism,Protein biosynthesis,Ribosome SSU bacterial,SSU ribosomal protein S9p (S16e)
Protein Metabolism,Protein biosynthesis,Ribosome SSU bacterial,SSU ribosomal protein S8p (S15Ae)
Protein Metabolism,Protein biosynthesis,Ribosome SSU bacterial,SSU ribosomal protein S4p (S9e)
Protein Metabolism,Protein biosynthesis,Ribosome SSU bacterial,SSU ribosomal protein S19p (S15e)
Protein Metabolism,Protein biosynthesis,Ribosome SSU bacterial,SSU ribosomal protein S10p (S20e)
Protein Metabolism,Protein biosynthesis,Ribosome SSU bacterial,SSU ribosomal protein S16p
Protein Metabolism,Protein biosynthesis,Ribosome SSU bacterial,SSU ribosomal protein S3p (S3e)
Protein Metabolism,Protein biosynthesis,Ribosome SSU bacterial,SSU ribosomal protein S7p (S5e)
Protein Metabolism,Protein biosynthesis,Ribosome SSU bacterial,SSU ribosomal protein S2p (SAe)
Protein Metabolism,Protein biosynthesis,Ribosome SSU bacterial,"SSU ribosomal protein S14p (S29e), zinc-dependent"
Protein Metabolism,Protein biosynthesis,Ribosome SSU bacterial,SSU ribosomal protein S13p (S18e)
Protein Metabolism,Protein biosynthesis,"tRNA aminoacylation, Gly",Glycyl-tRNA synthetase (EC 6.1.1.14)
Protein Metabolism,Protein biosynthesis,"tRNA aminoacylation, Ala",Alanyl-tRNA synthetase (EC 6.1.1.7)
Protein Metabolism,Protein biosynthesis,"tRNA aminoacylation, Trp",Tryptophanyl-tRNA synthetase (EC 6.1.1.2)
Protein Metabolism,Protein biosynthesis,Ribosome biogenesis bacterial,tRNA (Guanine37-N1) -methyltransferase (EC 2.1.1.31)
Protein Metabolism,Protein biosynthesis,Ribosome biogenesis bacterial,"TsaB protein, required for threonylcarbamoyladenosine (t(6)A) formation in tRNA"
Protein Metabolism,Protein biosynthesis,Ribosome biogenesis bacterial,Ribosomal large subunit pseudouridine synthase D (EC 4.2.1.70)
Protein Metabolism,Protein biosynthesis,Ribosome biogenesis bacterial,Ribosomal large subunit pseudouridine synthase C (EC 4.2.1.70)
Protein Metabolism,Protein biosynthesis,Ribosome biogenesis bacterial,LSU m3Psi1915 methyltransferase RlmH
Protein Metabolism,Protein biosynthesis,Ribosome biogenesis bacterial,SSU rRNA (adenine(1518)-N(6)/adenine(1519)-N(6))-dimethyltransferase (EC 2.1.1.182)
Protein Metabolism,Protein biosynthesis,Ribosome LSU bacterial,LSU ribosomal protein L18p (L5e)
Protein Metabolism,Protein biosynthesis,Ribosome LSU bacterial,LSU ribosomal protein L11p (L12e)
Protein Metabolism,Protein biosynthesis,Ribosome LSU bacterial,LSU ribosomal protein L1p (L10Ae)
Protein Metabolism,Protein biosynthesis,Ribosome LSU bacterial,"LSU ribosomal protein L33p, zinc-dependent"
Protein Metabolism,Protein biosynthesis,Ribosome LSU bacterial,LSU ribosomal protein L3p (L3e)
Protein Metabolism,Protein biosynthesis,Ribosome LSU bacterial,LSU ribosomal protein L16p (L10e)
Protein Metabolism,Protein biosynthesis,Ribosome LSU bacterial,LSU ribosomal protein L5p (L11e)
Protein Metabolism,Protein biosynthesis,Ribosome LSU bacterial,LSU ribosomal protein L23p (L23Ae)
Protein Metabolism,Protein biosynthesis,Ribosome LSU bacterial,LSU ribosomal protein L15p (L27Ae)
Protein Metabolism,Protein biosynthesis,Ribosome LSU bacterial,LSU ribosomal protein L13p (L13Ae)
Protein Metabolism,Protein biosynthesis,Ribosome LSU bacterial,LSU ribosomal protein L14p (L23e)
Protein Metabolism,Protein biosynthesis,Ribosome LSU bacterial,LSU ribosomal protein L34p
Protein Metabolism,Protein biosynthesis,Ribosome LSU bacterial,LSU ribosomal protein L22p (L17e)
Protein Metabolism,Protein biosynthesis,Ribosome LSU bacterial,"LSU ribosomal protein L31p, zinc-dependent"
Protein Metabolism,Protein biosynthesis,Ribosome LSU bacterial,LSU ribosomal protein L10p (P0)
Protein Metabolism,Protein biosynthesis,Ribosome LSU bacterial,LSU ribosomal protein L9p
Protein Metabolism,Protein biosynthesis,Ribosome LSU bacterial,LSU ribosomal protein L7/L12 (P1/P2)
Protein Metabolism,Protein biosynthesis,Ribosome LSU bacterial,LSU ribosomal protein L2p (L8e)
Protein Metabolism,Protein biosynthesis,Ribosome LSU bacterial,LSU ribosomal protein L28p
Protein Metabolism,Protein biosynthesis,Ribosome LSU bacterial,LSU ribosomal protein L35p
Protein Metabolism,Protein biosynthesis,Ribosome LSU bacterial,LSU ribosomal protein L19p
Protein Metabolism,Protein biosynthesis,Ribosome LSU bacterial,LSU ribosomal protein L36p
Protein Metabolism,Protein biosynthesis,Ribosome LSU bacterial,LSU ribosomal protein L31p
Protein Metabolism,Protein biosynthesis,Ribosome LSU bacterial,LSU ribosomal protein L33p
Protein Metabolism,Protein biosynthesis,Ribosome LSU bacterial,LSU ribosomal protein L20p
Protein Metabolism,Protein biosynthesis,Ribosome LSU bacterial,LSU ribosomal protein L17p
Protein Metabolism,Protein biosynthesis,Ribosome LSU bacterial,LSU ribosomal protein L6p (L9e)
Protein Metabolism,Protein biosynthesis,Ribosome LSU bacterial,LSU ribosomal protein L21p
Protein Metabolism,Protein biosynthesis,Ribosome LSU bacterial,LSU ribosomal protein L24p (L26e)
Protein Metabolism,Protein biosynthesis,Ribosome LSU bacterial,LSU ribosomal protein L29p (L35e)
Protein Metabolism,Protein biosynthesis,Ribosome LSU bacterial,LSU ribosomal protein L27p
Protein Metabolism,Protein biosynthesis,Ribosome LSU bacterial,LSU ribosomal protein L4p (L1e)
Protein Metabolism,Protein biosynthesis,"tRNA aminoacylation, Cys",Cysteinyl-tRNA synthetase (EC 6.1.1.16)
Protein Metabolism,Protein biosynthesis,Translation termination factors bacterial,"Protein-N(5)-glutamine methyltransferase PrmC, methylates polypeptide chain release factors RF1 and RF2"
Protein Metabolism,Protein biosynthesis,Translation termination factors bacterial,Ribosome recycling factor
Protein Metabolism,Protein biosynthesis,Translation termination factors bacterial,Peptidyl-tRNA hydrolase (EC 3.1.1.29)
Protein Metabolism,Protein biosynthesis,Translation termination factors bacterial,Methionine aminopeptidase (EC 3.4.11.18)
Protein Metabolism,Protein biosynthesis,Translation termination factors bacterial,tmRNA-binding protein SmpB
Protein Metabolism,Protein biosynthesis,Translation termination factors bacterial,Peptide chain release factor 1
Protein Metabolism,Protein biosynthesis,Universal GTPases,"Signal recognition particle, subunit Ffh SRP54 (TC 3.A.5.1.1)"
Protein Metabolism,Protein biosynthesis,Universal GTPases,GTP-binding protein EngA
Protein Metabolism,Protein biosynthesis,Universal GTPases,Translation elongation factor G
Protein Metabolism,Protein biosynthesis,Universal GTPases,Signal recognition particle receptor protein FtsY (=alpha subunit) (TC 3.A.5.1.1)
Protein Metabolism,Protein biosynthesis,Universal GTPases,GTP-binding protein Era
Protein Metabolism,Protein biosynthesis,Universal GTPases,50S ribosomal subunit maturation GTPase RbgA (B. subtilis YlqF)
Protein Metabolism,Protein biosynthesis,Universal GTPases,GTPase and tRNA-U34 5-formylation enzyme TrmE
Protein Metabolism,Protein biosynthesis,Universal GTPases,Translation elongation factor LepA
Protein Metabolism,Protein biosynthesis,Universal GTPases,Translation elongation factor Tu
Protein Metabolism,Protein biosynthesis,Universal GTPases,GTP-binding and nucleic acid-binding protein YchF
Protein Metabolism,Protein biosynthesis,Universal GTPases,Translation initiation factor 2
Protein Metabolism,Protein biosynthesis,Universal GTPases,Ribosome small subunit-stimulated GTPase EngC
Protein Metabolism,Protein biosynthesis,Universal GTPases,GTP-binding protein EngB
Protein Metabolism,Protein biosynthesis,Universal GTPases,GTP-binding protein Obg
Protein Metabolism,Protein biosynthesis,"tRNA aminoacylation, His",Histidyl-tRNA synthetase (EC 6.1.1.21)
Protein Metabolism,Protein biosynthesis,"tRNA aminoacylation, Asp and Asn",Aspartyl-tRNA(Asn) amidotransferase subunit C (EC 6.3.5.6)
Protein Metabolism,Protein biosynthesis,"tRNA aminoacylation, Asp and Asn",Aspartyl-tRNA(Asn) amidotransferase subunit B (EC 6.3.5.6)
Protein Metabolism,Protein biosynthesis,"tRNA aminoacylation, Asp and Asn",Aspartyl-tRNA synthetase (EC 6.1.1.12)
Protein Metabolism,Protein biosynthesis,"tRNA aminoacylation, Asp and Asn",Asparaginyl-tRNA synthetase (EC 6.1.1.22)
Protein Metabolism,Protein biosynthesis,"tRNA aminoacylation, Asp and Asn",Aspartyl-tRNA(Asn) amidotransferase subunit A (EC 6.3.5.6)
Protein Metabolism,Protein biosynthesis,Translation elongation factors bacterial,Translation elongation factor G
Protein Metabolism,Protein biosynthesis,Translation elongation factors bacterial,Translation elongation factor LepA
Protein Metabolism,Protein biosynthesis,Translation elongation factors bacterial,Translation elongation factor Tu
Protein Metabolism,Protein biosynthesis,Translation elongation factors bacterial,Translation elongation factor Ts
Protein Metabolism,Protein biosynthesis,Translation elongation factors bacterial,Translation elongation factor P
Protein Metabolism,Protein biosynthesis,"tRNA aminoacylation, Lys",Lysyl-tRNA synthetase (class II) (EC 6.1.1.6)
Protein Metabolism,Protein biosynthesis,"tRNA aminoacylation, Thr",Threonyl-tRNA synthetase (EC 6.1.1.3)
Protein Metabolism,Protein biosynthesis,"tRNA aminoacylation, Pro","Prolyl-tRNA synthetase (EC 6.1.1.15), archaeal/eukaryal type"
Protein Metabolism,Protein biosynthesis,Translation elongation factor G family,Translation elongation factor G
Protein Metabolism,Protein biosynthesis,"tRNA aminoacylation, Glu and Gln",Glutamyl-tRNA(Gln) amidotransferase subunit A (EC 6.3.5.7)
Protein Metabolism,Protein biosynthesis,"tRNA aminoacylation, Glu and Gln",Glutamyl-tRNA synthetase (EC 6.1.1.17)
Protein Metabolism,Protein biosynthesis,"tRNA aminoacylation, Glu and Gln",Glutamyl-tRNA(Gln) amidotransferase subunit B (EC 6.3.5.7)
Protein Metabolism,Protein biosynthesis,"tRNA aminoacylation, Glu and Gln",Glutamyl-tRNA(Gln) synthetase (EC 6.1.1.24)
Protein Metabolism,Protein biosynthesis,"tRNA aminoacylation, Glu and Gln",Glutamyl-tRNA(Gln) amidotransferase subunit C (EC 6.3.5.7)
Protein Metabolism,Protein biosynthesis,"tRNA aminoacylation, Ser",Seryl-tRNA synthetase (EC 6.1.1.11)
Protein Metabolism,Protein biosynthesis,"tRNA aminoacylation, Tyr",Tyrosyl-tRNA synthetase (EC 6.1.1.1)
Protein Metabolism,Protein biosynthesis,"tRNA aminoacylation, Leu",Leucyl-tRNA synthetase (EC 6.1.1.4)
Protein Metabolism,Protein biosynthesis,"tRNA aminoacylation, Phe",Phenylalanyl-tRNA synthetase alpha chain (EC 6.1.1.20)
Protein Metabolism,Protein biosynthesis,"tRNA aminoacylation, Phe",Phenylalanyl-tRNA synthetase beta chain (EC 6.1.1.20)
Protein Metabolism,Protein processing and modification,Lipoprotein Biosynthesis,Lipoprotein signal peptidase (EC 3.4.23.36)
Protein Metabolism,Protein processing and modification,Lipoprotein Biosynthesis,Prolipoprotein diacylglyceryl transferase (EC 2.4.99.-)
Protein Metabolism,Protein processing and modification,Signal peptidase,Signal peptidase I (EC 3.4.21.89)
Protein Metabolism,Protein processing and modification,Signal peptidase,Lipoprotein signal peptidase (EC 3.4.23.36)
Protein Metabolism,Protein processing and modification,Peptide methionine sulfoxide reductase,Peptide methionine sulfoxide reductase MsrB (EC 1.8.4.12)
Protein Metabolism,Protein degradation,Aminopeptidases (EC 3.4.11.-),Cytosol aminopeptidase PepA (EC 3.4.11.1)
Protein Metabolism,Protein degradation,Protein degradation,"Aminopeptidase YpdF (MP-, MA-, MS-, AP-, NP- specific)"
Protein Metabolism,Protein degradation,"Proteolysis in bacteria, ATP-dependent",ClpB protein
Protein Metabolism,Protein degradation,"Proteolysis in bacteria, ATP-dependent",ATP-dependent protease La (EC 3.4.21.53) Type I
Cell Division and Cell Cycle,Checkpoint control,Bacterial checkpoint-control-related cluster,Diadenylate cyclase spyDAC
Cell Division and Cell Cycle,Checkpoint control,Bacterial checkpoint-control-related cluster,Bacterial checkpoint controller DisA with nucleotide-binding domain
Cell Division and Cell Cycle,Cell Division and Cell Cycle - no subcategory,YgjD and YeaZ,"TsaD/Kae1/Qri7 protein, required for threonylcarbamoyladenosine t(6)A37 formation in tRNA"
Cell Division and Cell Cycle,Cell Division and Cell Cycle - no subcategory,YgjD and YeaZ,"TsaB protein, required for threonylcarbamoyladenosine (t(6)A) formation in tRNA"
Cell Division and Cell Cycle,Cell Division and Cell Cycle - no subcategory,Macromolecular synthesis operon,"TsaD/Kae1/Qri7 protein, required for threonylcarbamoyladenosine t(6)A37 formation in tRNA"
Cell Division and Cell Cycle,Cell Division and Cell Cycle - no subcategory,Macromolecular synthesis operon,RNA polymerase sigma factor RpoD
Cell Division and Cell Cycle,Cell Division and Cell Cycle - no subcategory,Macromolecular synthesis operon,DNA primase (EC 2.7.7.-)
DNA Metabolism,DNA repair,Uracil-DNA glycosylase,"Uracil-DNA glycosylase, family 1"
DNA Metabolism,DNA repair,"DNA repair, bacterial",Single-stranded DNA-binding protein
DNA Metabolism,DNA repair,"DNA repair, bacterial",Endonuclease IV (EC 3.1.21.2)
DNA Metabolism,DNA repair,"DNA repair, bacterial",RecA protein
DNA Metabolism,DNA repair,"DNA repair, bacterial",DNA-cytosine methyltransferase (EC 2.1.1.37)
DNA Metabolism,DNA repair,"DNA repair, bacterial",DNA polymerase IV (EC 2.7.7.7)
DNA Metabolism,DNA repair,"DNA repair, bacterial RecFOR pathway",Single-stranded DNA-binding protein
DNA Metabolism,DNA repair,"DNA repair, bacterial RecFOR pathway",Recombination protein RecR
DNA Metabolism,DNA repair,"DNA repair, bacterial RecFOR pathway",RecA protein
DNA Metabolism,DNA repair,"DNA repair, bacterial RecFOR pathway",DNA recombination and repair protein RecO
DNA Metabolism,DNA repair,"DNA repair, UvrABC system",Excinuclease ABC subunit C
DNA Metabolism,DNA repair,"DNA repair, UvrABC system",Excinuclease ABC subunit A
DNA Metabolism,DNA repair,"DNA repair, UvrABC system",Excinuclease ABC subunit B
DNA Metabolism,DNA repair,"DNA repair, bacterial UvrD and related helicases",ATP-dependent DNA helicase UvrD/PcrA
DNA Metabolism,DNA repair,DNA Repair Base Excision,"Uracil-DNA glycosylase, family 1"
DNA Metabolism,DNA repair,DNA Repair Base Excision,Formamidopyrimidine-DNA glycosylase (EC 3.2.2.23)
DNA Metabolism,DNA repair,DNA Repair Base Excision,DNA polymerase I (EC 2.7.7.7)
DNA Metabolism,DNA repair,DNA Repair Base Excision,DNA ligase (EC 6.5.1.2)
DNA Metabolism,DNA Metabolism - no subcategory,Type I Restriction-Modification,"Type I restriction-modification system, specificity subunit S (EC 3.1.21.3)"
DNA Metabolism,DNA Metabolism - no subcategory,Type I Restriction-Modification,"Type I restriction-modification system, restriction subunit R (EC 3.1.21.3)"
DNA Metabolism,DNA Metabolism - no subcategory,Type I Restriction-Modification,"Type I restriction-modification system, DNA-methyltransferase subunit M (EC 2.1.1.72)"
DNA Metabolism,DNA Metabolism - no subcategory,Restriction-Modification System,"Type I restriction-modification system, specificity subunit S (EC 3.1.21.3)"
DNA Metabolism,DNA Metabolism - no subcategory,Restriction-Modification System,Type III restriction-modification system methylation subunit (EC 2.1.1.72)
DNA Metabolism,DNA Metabolism - no subcategory,Restriction-Modification System,"Type I restriction-modification system, restriction subunit R (EC 3.1.21.3)"
DNA Metabolism,DNA Metabolism - no subcategory,Restriction-Modification System,"Type I restriction-modification system, DNA-methyltransferase subunit M (EC 2.1.1.72)"
DNA Metabolism,DNA Metabolism - no subcategory,YcfH,Putative deoxyribonuclease YcfH
DNA Metabolism,DNA Metabolism - no subcategory,"DNA structural proteins, bacterial",Chromosome partition protein smc
DNA Metabolism,DNA Metabolism - no subcategory,"DNA structural proteins, bacterial",DNA-binding protein HBsu
DNA Metabolism,DNA replication,"DNA topoisomerases, Type I, ATP-independent",DNA topoisomerase I (EC 5.99.1.2)
DNA Metabolism,DNA replication,"DNA topoisomerases, Type II, ATP-dependent",DNA gyrase subunit B (EC 5.99.1.3)
DNA Metabolism,DNA replication,"DNA topoisomerases, Type II, ATP-dependent",DNA gyrase subunit A (EC 5.99.1.3)
DNA Metabolism,DNA replication,"DNA topoisomerases, Type II, ATP-dependent",Topoisomerase IV subunit B (EC 5.99.1.-)
DNA Metabolism,DNA replication,"DNA topoisomerases, Type II, ATP-dependent",Topoisomerase IV subunit A (EC 5.99.1.-)
DNA Metabolism,DNA recombination,RuvABC plus a hypothetical,FIG000859: hypothetical protein YebC
DNA Metabolism,DNA recombination,RuvABC plus a hypothetical,Holliday junction DNA helicase RuvA
DNA Metabolism,DNA recombination,RuvABC plus a hypothetical,Holliday junction DNA helicase RuvB
DNA Metabolism,"DNA uptake, competence",DNA processing cluster,FIG000557: hypothetical protein co-occurring with RecR
DNA Metabolism,"DNA uptake, competence",DNA processing cluster,Recombination protein RecR
DNA Metabolism,"DNA uptake, competence",DNA processing cluster,DNA polymerase III subunits gamma and tau (EC 2.7.7.7)
"Fatty Acids, Lipids, and Isoprenoids",Phospholipids,Cardiolipin synthesis,Cardiolipin synthetase (EC 2.7.8.-)
Dormancy and Sporulation,Dormancy and Sporulation - no subcategory,Sporulation-associated proteins with broader functions,Peptidyl-tRNA hydrolase (EC 3.1.1.29)
Stress Response,Osmotic stress,Osmoregulation,Glycerol uptake facilitator protein
Stress Response,Oxidative stress,Oxidative stress,Iron-binding ferritin-like antioxidant protein
Stress Response,Oxidative stress,Oxidative stress,Non-specific DNA-binding protein Dps
Stress Response,Oxidative stress,Oxidative stress,Ferroxidase (EC 1.16.3.1)
Stress Response,Oxidative stress,Redox-dependent regulation of nucleus processes,Nicotinate phosphoribosyltransferase (EC 2.4.2.11)
Stress Response,Oxidative stress,Redox-dependent regulation of nucleus processes,NAD-dependent protein deacetylase of SIR2 family
Stress Response,Oxidative stress,Redox-dependent regulation of nucleus processes,NAD-dependent glyceraldehyde-3-phosphate dehydrogenase (EC 1.2.1.12)
Stress Response,Oxidative stress,Cluster containing Glutathione synthetase,Ribosomal RNA small subunit methyltransferase E (EC 2.1.1.-)
Stress Response,Oxidative stress,Cluster containing Glutathione synthetase,Putative Holliday junction resolvase YggF
Stress Response,Heat shock,Heat shock dnaK gene cluster extended,Heat shock protein GrpE
Stress Response,Heat shock,Heat shock dnaK gene cluster extended,Heat-inducible transcription repressor HrcA
Stress Response,Heat shock,Heat shock dnaK gene cluster extended,Chaperone protein DnaK
Stress Response,Heat shock,Heat shock dnaK gene cluster extended,Translation elongation factor LepA
Stress Response,Heat shock,Heat shock dnaK gene cluster extended,Chaperone protein DnaJ
Stress Response,Heat shock,Heat shock dnaK gene cluster extended,Ribosomal RNA small subunit methyltransferase E (EC 2.1.1.-)
Stress Response,Heat shock,Heat shock dnaK gene cluster extended,tmRNA-binding protein SmpB
Stress Response,Heat shock,Heat shock dnaK gene cluster extended,rRNA small subunit methyltransferase I
Amino Acids and Derivatives,"Arginine; urea cycle, polyamines",Polyamine Metabolism,Putrescine transport ATP-binding protein PotA (TC 3.A.1.11.1)
Amino Acids and Derivatives,"Arginine; urea cycle, polyamines",Polyamine Metabolism,Spermidine Putrescine ABC transporter permease component potC (TC_3.A.1.11.1)
Amino Acids and Derivatives,"Arginine; urea cycle, polyamines",Polyamine Metabolism,Probable spermidine/putrescine substrate binding protein in Mollicutes
Amino Acids and Derivatives,"Arginine; urea cycle, polyamines",Polyamine Metabolism,Spermidine Putrescine ABC transporter permease component PotB (TC 3.A.1.11.1)
Amino Acids and Derivatives,"Arginine; urea cycle, polyamines",Polyamine Metabolism,5'-methylthioadenosine nucleosidase (EC 3.2.2.16)
Amino Acids and Derivatives,"Lysine, threonine, methionine, and cysteine",Methionine Degradation,S-adenosylhomocysteine nucleosidase (EC 3.2.2.9)
Amino Acids and Derivatives,"Lysine, threonine, methionine, and cysteine",Methionine Degradation,S-adenosylmethionine synthetase (EC 2.5.1.6)
Amino Acids and Derivatives,"Alanine, serine, and glycine",Glycine Biosynthesis,Serine hydroxymethyltransferase (EC 2.1.2.1)
Amino Acids and Derivatives,"Alanine, serine, and glycine",Alanine biosynthesis,"Cysteine desulfurase (EC 2.8.1.7), SufS subfamily"
Amino Acids and Derivatives,"Alanine, serine, and glycine",Serine Biosynthesis,Serine hydroxymethyltransferase (EC 2.1.2.1)
Sulfur Metabolism,Sulfur Metabolism - no subcategory,Thioredoxin-disulfide reductase,"Thiol peroxidase, Tpx-type (EC 1.11.1.15)"
Sulfur Metabolism,Sulfur Metabolism - no subcategory,Thioredoxin-disulfide reductase,Thioredoxin reductase (EC 1.8.1.9)
Sulfur Metabolism,Sulfur Metabolism - no subcategory,Galactosylceramide and Sulfatide metabolism,probable beta-D-galactosidase
Phosphorus Metabolism,Phosphorus Metabolism - no subcategory,Phosphate metabolism,Alkaline phosphatase (EC 3.1.3.1)
Phosphorus Metabolism,Phosphorus Metabolism - no subcategory,Phosphate metabolism,Inorganic pyrophosphatase (EC 3.6.1.1)
Carbohydrates,Central carbohydrate metabolism,"Pyruvate metabolism II: acetyl-CoA, acetogenesis from pyruvate",Pyruvate dehydrogenase E1 component beta subunit (EC 1.2.4.1)
Carbohydrates,Central carbohydrate metabolism,"Pyruvate metabolism II: acetyl-CoA, acetogenesis from pyruvate",Dihydrolipoamide acetyltransferase component of pyruvate dehydrogenase complex (EC 2.3.1.12)
Carbohydrates,Central carbohydrate metabolism,"Pyruvate metabolism II: acetyl-CoA, acetogenesis from pyruvate",Phosphate acetyltransferase (EC 2.3.1.8)
Carbohydrates,Central carbohydrate metabolism,"Pyruvate metabolism II: acetyl-CoA, acetogenesis from pyruvate",Dihydrolipoamide dehydrogenase of pyruvate dehydrogenase complex (EC 1.8.1.4)
Carbohydrates,Central carbohydrate metabolism,"Pyruvate metabolism II: acetyl-CoA, acetogenesis from pyruvate",Acetate kinase (EC 2.7.2.1)
Carbohydrates,Central carbohydrate metabolism,"Pyruvate metabolism II: acetyl-CoA, acetogenesis from pyruvate",Pyruvate dehydrogenase E1 component alpha subunit (EC 1.2.4.1)
Carbohydrates,Central carbohydrate metabolism,"Pyruvate metabolism II: acetyl-CoA, acetogenesis from pyruvate",NAD-dependent protein deacetylase of SIR2 family
Carbohydrates,Central carbohydrate metabolism,"Pyruvate metabolism I: anaplerotic reactions, PEP",Pyruvate kinase (EC 2.7.1.40)
Carbohydrates,Central carbohydrate metabolism,Pentose phosphate pathway,Transketolase (EC 2.2.1.1)
Carbohydrates,Central carbohydrate metabolism,Pentose phosphate pathway,Ribose-phosphate pyrophosphokinase (EC 2.7.6.1)
Carbohydrates,Central carbohydrate metabolism,Pentose phosphate pathway,Ribose 5-phosphate isomerase B (EC 5.3.1.6)
Carbohydrates,Central carbohydrate metabolism,Pentose phosphate pathway,Ribulose-phosphate 3-epimerase (EC 5.1.3.1)
Carbohydrates,Central carbohydrate metabolism,Glycolysis and Gluconeogenesis,6-phosphofructokinase (EC 2.7.1.11)
Carbohydrates,Central carbohydrate metabolism,Glycolysis and Gluconeogenesis,Triosephosphate isomerase (EC 5.3.1.1)
Carbohydrates,Central carbohydrate metabolism,Glycolysis and Gluconeogenesis,Fructose-bisphosphate aldolase class II (EC 4.1.2.13)
Carbohydrates,Central carbohydrate metabolism,Glycolysis and Gluconeogenesis,"2,3-bisphosphoglycerate-independent phosphoglycerate mutase (EC 5.4.2.1)"
Carbohydrates,Central carbohydrate metabolism,Glycolysis and Gluconeogenesis,Pyruvate kinase (EC 2.7.1.40)
Carbohydrates,Central carbohydrate metabolism,Glycolysis and Gluconeogenesis,Phosphoglycerate kinase (EC 2.7.2.3)
Carbohydrates,Central carbohydrate metabolism,Glycolysis and Gluconeogenesis,NAD-dependent glyceraldehyde-3-phosphate dehydrogenase (EC 1.2.1.12)
Carbohydrates,Central carbohydrate metabolism,Glycolysis and Gluconeogenesis,Glucose-6-phosphate isomerase (EC 5.3.1.9)
Carbohydrates,Central carbohydrate metabolism,Glycolysis and Gluconeogenesis,Enolase (EC 4.2.1.11)
Carbohydrates,Central carbohydrate metabolism,Dehydrogenase complexes,Pyruvate dehydrogenase E1 component beta subunit (EC 1.2.4.1)
Carbohydrates,Central carbohydrate metabolism,Dehydrogenase complexes,Dihydrolipoamide acetyltransferase component of pyruvate dehydrogenase complex (EC 2.3.1.12)
Carbohydrates,Central carbohydrate metabolism,Dehydrogenase complexes,Pyruvate dehydrogenase E1 component alpha subunit (EC 1.2.4.1)
Carbohydrates,Central carbohydrate metabolism,Dehydrogenase complexes,Cytosol aminopeptidase PepA (EC 3.4.11.1)
Carbohydrates,Fermentation,Fermentations: Lactate,L-lactate dehydrogenase (EC 1.1.1.27)
Carbohydrates,Fermentation,Fermentations: Lactate,Phosphate acetyltransferase (EC 2.3.1.8)
Carbohydrates,Fermentation,Fermentations: Lactate,Acetate kinase (EC 2.7.2.1)
Carbohydrates,Monosaccharides,Mannose Metabolism,Phosphomannomutase (EC 5.4.2.8)
Carbohydrates,Monosaccharides,Mannose Metabolism,Mannose-6-phosphate isomerase (EC 5.3.1.8)
Carbohydrates,Monosaccharides,Deoxyribose and Deoxynucleoside Catabolism,Purine nucleoside phosphorylase (EC 2.4.2.1)
Carbohydrates,Monosaccharides,Deoxyribose and Deoxynucleoside Catabolism,Phosphopentomutase (EC 5.4.2.7)
Carbohydrates,Monosaccharides,Deoxyribose and Deoxynucleoside Catabolism,Pyrimidine-nucleoside phosphorylase (EC 2.4.2.2)
Carbohydrates,Monosaccharides,Deoxyribose and Deoxynucleoside Catabolism,Deoxyribose-phosphate aldolase (EC 4.1.2.4)
